IPO,MarketCap,Income,Sales,Booksh,Dividend,Dividend_Percentage,Employees,PriceToEarnings,ForwardPTE,PriceToSales,PriceToBook,PutCallRatio,QuickRatio,CurrentRatio,DebtEquity,ROA,ROE,ROI,GrossMargin,OperationalMargin,ProfitMargin,Payout,SHSOutstanding,ShsFloat,ShoartFloat,ShortRatio,TargetPrice,PerformaceHalfYear,PerformanceYear,PerformanceYTD
,,,,,,,,,,,,,,,,,,,,,,,,,,,,,,
[['mrm'], '31.40M', '-4.90M', '30.40M', '1.11', '-', '-', '171', '-', '-', '1.03', '5.95', '2.40', '0.80', '0.80', '1.84', '-', '-', '-38.90%', '12.80%', '-19.00%', '-16.10%', '-', '4.03M', '3.32M', '0.54%', '0.73', '-', '-31.43%', '-', '-54.10%']
[['vtaq'], '214.74M', '-', '-', '7.98', '-', '-', '-', '-', '-', '-', '1.25', '429.48', '3.50', '3.50', '0.00', '-', '-', '-', '-', '-', '-', '-', '21.56M', '17.27M', '0.02%', '0.16', '-', '-2.73%', '-', '-1.80%']
[['ikt'], '59.80M', '-7.20M', '3.00M', '3.84', '-', '-', '3', '-', '-', '19.93', '0.63', '1.28', '25.70', '25.70', '0.00', '-37.00%', '-47.90%', '-27.90%', '-', '-', '-', '-', '12.24M', '7.99M', '2.10%', '0.19', '-', '-61.49%', '-', '-64.78%']
[['hcar'], '399.11M', '-', '-', '7.14', '-', '-', '-', '-', '-', '-', '1.36', '665.18', '3.10', '3.10', '0.00', '-', '-', '-', '-', '-', '-', '-', '41.40M', '24.84M', '0.29%', '1.25', '-', '-2.02%', '-', '-3.20%']
[['gbs'], '41.46M', '-', '0.44M', '1.35', '-', '-', '7', '-', '-', '93.86', '2.49', '2.90', '10.60', '10.60', '0.00', '-', '-', '-', '-', '-', '-', '-', '11.80M', '6.57M', '5.02%', '0.27', '-', '-49.78%', '-', '-54.59%']
[['cfiv'], '616.68M', '-1.90M', '-', '7.53', '-', '-', '-', '-', '-', '-', '1.29', '6166.82', '0.60', '0.60', '0.00', '-0.50%', '-0.50%', '-', '-', '-', '-', '-', '63.50M', '51.00M', '0.32%', '3.85', '-', '-2.63%', '-', '-6.90%']
[['vhaq'], '250.59M', '-', '-', '7.58', '-', '-', '-', '-', '-', '-', '1.31', '227.81', '0.20', '0.20', '0.00', '-', '-', '-', '-', '-', '-', '-', '25.16M', '20.12M', '0.04%', '0.29', '-', '-1.19%', '-', '-2.35%']
[['vii'], '504.66M', '-', '-', '7.13', '-', '-', '-', '-', '-', '-', '1.36', '504.66', '1.30', '1.30', '0.00', '-', '-', '-', '-', '-', '-', '-', '28.75M', '23.00M', '0.20%', '7.54', '-', '-4.23%', '-', '-4.42%']
[['ackit'], '-', '-', '-', '-', '-', '-', '-', '-', '-', '-', '-', '-', '-', '-', '-', '-', '-', '-', '-', '-', '-', '-', '-', '-', '-', '2.04', '-', '-1.96%', '-', '-2.06%']
[['dune'], '210.88M', '-', '-', '7.23', '-', '-', '-', '-', '-', '-', '1.35', '702.92', '2.20', '2.20', '0.00', '-', '-', '-', '-', '-', '-', '-', '21.56M', '12.94M', '0.20%', '0.90', '-', '-1.31%', '-', '-3.27%']
[['mass'], '1.04B', '-25.50M', '25.60M', '4.63', '-', '-', '101', '-', '-', '40.75', '8.44', '7.38', '13.40', '14.10', '0.00', '-18.20%', '-30.60%', '-3.80%', '53.60%', '-72.40%', '-99.70%', '-', '27.34M', '20.16M', '9.58%', '5.74', '55.00', '-8.71%', '-', '-31.40%']
[['iiii'], '331.79M', '-', '-', '6.73', '-', '-', '-', '-', '-', '-', '1.45', '3317.93', '1.40', '1.40', '0.00', '-', '-', '-', '-', '-', '-', '-', '34.10M', '16.48M', '0.05%', '0.23', '-', '-7.33%', '-', '-8.81%']
[['mtac'], '308.14M', '-', '-', '7.31', '-', '-', '-', '-', '-', '-', '1.35', '513.57', '3.30', '3.30', '0.00', '-', '-', '-', '-', '-', '-', '-', '31.25M', '18.75M', '0.10%', '0.18', '-', '-0.30%', '-', '-6.18%']
[['svok'], '320.36M', '-', '-', '7.33', '-', '-', '-', '-', '-', '-', '1.35', '355.96', '1.10', '1.10', '0.00', '-', '-', '-', '-', '-', '-', '-', '32.34M', '19.41M', '0.72%', '0.73', '-', '0.10%', '-', '-3.60%']
[['gfx'], '417.39M', '-', '-', '7.16', '-', '-', '-', '-', '-', '-', '1.35', '596.27', '0.10', '0.10', '0.00', '-', '-', '-', '-', '-', '-', '-', '43.12M', '25.88M', '0.15%', '0.49', '-', '-1.42%', '-', '-5.00%']
[['viri'], '47.87M', '-16.60M', '-', '2.74', '-', '-', '3', '-', '-', '-', '2.10', '2.20', '26.20', '26.20', '0.00', '-78.60%', '-88.70%', '-', '-', '-', '-', '-', '8.33M', '7.44M', '1.00%', '0.82', '-', '-1.87%', '-', '-23.30%']
[['cool'], '484.29M', '-', '-', '7.25', '-', '-', '6', '-', '-', '-', '1.34', '372.53', '9.40', '9.40', '0.00', '-', '-', '-', '-', '-', '-', '-', '50.00M', '40.00M', '0.28%', '1.75', '-', '-2.81%', '-', '-5.10%']
[['scoa'], '699.39M', '-', '-', '7.23', '-', '-', '-', '-', '-', '-', '1.35', '1748.48', '6.30', '6.30', '0.00', '-', '-', '-', '-', '-', '-', '-', '71.88M', '57.50M', '2.31%', '13.17', '-', '-2.16%', '-', '-6.44%']
[['upst'], '19.81B', '58.10M', '450.70M', '9.34', '-', '-', '554', '403.53', '153.63', '43.95', '28.13', '39.13', '-', '-', '0.01', '10.70%', '18.00%', '3.10%', '85.90%', '16.00%', '12.90%', '0.00%', '76.67M', '65.58M', '4.08%', '0.51', '206.50', '393.43%', '-', '544.66%']
[['scps'], '108.91M', '-21.20M', '-', '-0.12', '-', '-', '1', '-', '-', '-', '-', '17.29', '0.80', '0.80', '-', '-455.70%', '-', '-', '-', '-', '-', '-', '16.19M', '9.24M', '1.02%', '0.21', '-', '-36.91%', '-', '-61.99%']
[['ccv'], '1.12B', '-', '-', '6.93', '-', '-', '-', '-', '-', '-', '1.42', '5595.73', '3.30', '3.30', '0.00', '-', '-', '-', '-', '-', '-', '-', '62.50M', '45.07M', '1.32%', '2.79', '-', '-3.53%', '-', '-19.36%']
[['bcab'], '1.33B', '-77.10M', '0.40M', '5.29', '-', '-', '36', '-', '-', '3319.00', '7.27', '6.39', '5.90', '5.90', '0.00', '-', '-', '-15.70%', '-', '-', '-', '-', '33.68M', '27.03M', '10.99%', '12.20', '-', '-31.40%', '-', '13.11%']
[['wish'], '4.68B', '-', '2.83B', '1.38', '-', '-', '875', '-', '-', '1.65', '5.35', '2.97', '2.00', '2.00', '0.00', '-', '-', '-61.60%', '57.90%', '-', '-', '-', '624.00M', '461.19M', '6.88%', '0.42', '9.83', '-56.56%', '-', '-59.54%']
[['wnw'], '128.75M', '-', '8.21M', '-', '-', '-', '55', '-', '-', '15.68', '-', '-', '-', '-', '-', '-', '-', '-', '-', '-', '-', '-', '25.00M', '-', '-', '0.74', '-', '-53.22%', '-', '-86.28%']
[['bluw'], '57.73M', '-', '-', '7.04', '-', '-', '-', '-', '-', '-', '1.14', '144.32', '0.90', '0.90', '0.00', '-', '-', '-', '-', '-', '-', '-', '7.25M', '4.08M', '1.50%', '0.17', '-', '-21.06%', '-', '-21.02%']
[['kinz'], '342.04M', '-', '-', '36.16', '-', '-', '-', '-', '-', '-', '0.27', '488.63', '2.10', '2.10', '0.00', '-', '-', '-', '-', '-', '-', '-', '6.90M', '-', '-', '0.20', '-', '-0.70%', '-', '-4.34%']
[['dwin'], '252.25M', '-', '-', '33.23', '-', '-', '-', '-', '-', '-', '0.29', '210.21', '36.70', '-', '0.00', '-', '-', '-', '-', '-', '-', '-', '5.66M', '-', '-', '1.29', '-', '-4.20%', '-', '-2.00%']
[['tvac'], '216.56M', '-', '-', '6.91', '-', '-', '-', '-', '-', '-', '1.45', '433.13', '1.90', '1.90', '0.00', '-', '-', '-', '-', '-', '-', '-', '21.56M', '17.25M', '0.15%', '0.34', '-', '0.60%', '-', '-3.09%']
[['abcl'], '4.95B', '-', '447.65M', '3.56', '-', '-', '206', '25.61', '-', '11.05', '5.32', '6.24', '12.40', '12.40', '0.00', '-', '-', '13.60%', '-', '-', '-', '-', '272.20M', '190.77M', '5.50%', '4.94', '-', '-38.15%', '-', '-52.91%']
[['fdmt'], '923.22M', '-', '13.61M', '9.00', '-', '-', '104', '-', '-', '67.82', '3.79', '3.79', '25.20', '25.20', '0.00', '-', '-', '-22.10%', '-', '-', '-', '-', '26.74M', '20.76M', '4.91%', '7.83', '50.00', '-30.55%', '-', '-17.66%']
[['vvos'], '130.17M', '-15.50M', '14.50M', '1.76', '-', '-', '93', '-', '-', '8.98', '3.20', '3.81', '4.20', '4.20', '0.04', '-60.80%', '-101.90%', '-66.20%', '79.70%', '-', '-', '-', '20.74M', '17.84M', '0.25%', '0.01', '-', '-17.21%', '-', '-4.74%']
[['cert'], '5.65B', '-55.00M', '261.80M', '5.66', '-', '-', '846', '-', '122.72', '21.57', '6.79', '21.08', '5.80', '5.80', '0.35', '-4.60%', '-7.40%', '-2.10%', '57.20%', '-13.40%', '-21.00%', '-', '147.49M', '143.13M', '1.07%', '3.25', '35.60', '48.02%', '-', '13.91%']
[['cbah'], '420.79M', '-', '-', '8.89', '-', '-', '-', '-', '-', '-', '1.12', '1051.96', '0.70', '0.70', '0.00', '-', '-', '-', '-', '-', '-', '-', '42.26M', '40.24M', '0.05%', '0.05', '-', '0.40%', '-', '-5.15%']
[['nbtx'], '454.70M', '-', '2.51M', '-', '-', '-', '88', '-', '-', '181.01', '-', '-', '-', '-', '-', '-', '-', '-', '-', '-', '-', '-', '34.46M', '29.26M', '0.01%', '1.34', '22.53', '-26.40%', '-', '-20.02%']
[['glaq'], '150.80M', '-', '-', '7.70', '-', '-', '-', '-', '-', '-', '1.30', '754.01', '0.60', '0.60', '0.01', '-', '-', '-', '-', '-', '-', '-', '15.05M', '12.22M', '0.04%', '0.18', '-', '-', '-', '-1.76%']
[['motv'], '503.53M', '-', '-', '7.32', '-', '-', '-', '-', '-', '-', '1.33', '503.53', '1.10', '1.10', '0.00', '-', '-', '-', '-', '-', '-', '-', '51.75M', '41.40M', '0.15%', '1.24', '-', '-2.21%', '-', '-5.63%']
[['snrh'], '501.97M', '-', '-', '7.23', '-', '-', '-', '-', '-', '-', '1.34', '717.11', '2.80', '2.80', '0.00', '-', '-', '-', '-', '-', '-', '-', '51.75M', '41.40M', '0.05%', '0.17', '-', '-1.92%', '-', '-4.90%']
[['ctaq'], '496.28M', '-', '-', '7.33', '-', '-', '3', '-', '-', '-', '1.32', '992.56', '0.00', '0.00', '0.00', '-', '-', '-', '-', '-', '-', '-', '51.21M', '30.19M', '0.03%', '0.14', '-', '-4.33%', '-', '-5.91%']
[['abnb'], '103.20B', '-4909.00M', '4.42B', '5.55', '-', '-', '5597', '-', '377.57', '23.33', '29.73', '13.89', '1.50', '1.50', '0.58', '-41.70%', '-243.10%', '-74.20%', '57.60%', '-80.40%', '-', '-', '611.74M', '335.64M', '3.72%', '1.86', '175.71', '-9.89%', '-', '12.40%']
[['hyfm'], '2.32B', '-0.80M', '429.30M', '14.85', '-', '-', '327', '-', '36.13', '5.40', '3.67', '11.98', '3.50', '5.30', '0.00', '-0.20%', '-0.30%', '1.30%', '20.30%', '1.50%', '-0.20%', '-', '37.86M', '36.71M', '3.66%', '2.16', '69.50', '3.12%', '-', '3.75%']
[['pubm'], '213.42M', '-', '148.70M', '3.75', '-', '-', '548', '-', '57.16', '1.44', '7.83', '1.94', '2.00', '2.00', '0.00', '-', '-', '15.30%', '72.30%', '-', '-', '-', '49.11M', '7.88M', '35.40%', '2.11', '46.75', '-41.47%', '-', '5.08%']
[['flac'], '173.71M', '-', '-', '7.27', '-', '-', '-', '-', '-', '-', '1.36', '217.14', '10.30', '10.30', '0.00', '-', '-', '-', '-', '-', '-', '-', '17.75M', '14.30M', '0.12%', '0.93', '-', '-', '-', '-8.19%']
[['dash'], '66.02B', '-567.00M', '4.16B', '13.80', '-', '-', '3886', '-', '-', '15.86', '14.28', '14.14', '4.10', '4.10', '0.00', '-10.60%', '-17.90%', '-8.70%', '52.70%', '-12.90%', '-13.60%', '-', '334.71M', '306.04M', '3.96%', '4.07', '194.55', '39.33%', '-', '38.09%']
[['altu'], '366.80M', '-', '-', '7.19', '-', '-', '-', '-', '-', '-', '1.36', '1833.98', '3.00', '3.00', '0.00', '-', '-', '-', '-', '-', '-', '-', '37.50M', '22.50M', '2.38%', '5.28', '-', '-6.12%', '-', '-2.87%']
[['ai'], '5.01B', '-93.30M', '195.10M', '10.05', '-', '-', '628', '-', '-', '25.70', '5.12', '4.56', '8.30', '8.30', '0.00', '-9.50%', '-12.50%', '-5.70%', '75.90%', '-47.90%', '-47.80%', '-', '103.87M', '83.65M', '9.71%', '2.49', '-', '-39.38%', '-', '-62.90%']
[['cnd'], '365.26M', '-', '-', '7.45', '-', '-', '2', '-', '-', '-', '1.40', '608.76', '8.90', '8.90', '0.00', '-', '-', '-', '-', '-', '-', '-', '35.25M', '22.41M', '5.59%', '1.88', '-', '4.82%', '-', '3.47%']
[['muds'], '389.77M', '-', '-', '4.43', '-', '-', '4', '-', '-', '-', '2.23', '1299.22', '0.10', '0.10', '0.00', '-', '-', '-', '-', '-', '-', '-', '39.53M', '23.72M', '6.73%', '1.05', '-', '-0.65%', '-', '-1.89%']
[['ddmx'], '127.67M', '-', '-', '0.31', '-', '-', '-', '-', '-', '-', '31.69', '-', '-', '-', '-', '-', '-', '-', '-', '-', '-', '-', '12.87M', '-', '-', '0.53', '-', '-0.30%', '-', '-3.12%']
[['sgtx'], '212.93M', '-60.80M', '12.90M', '4.10', '-', '-', '99', '-', '-', '16.51', '1.58', '1.19', '5.30', '5.30', '0.00', '-', '-', '-31.90%', '-', '-', '-', '-', '31.49M', '25.05M', '3.09%', '2.65', '-', '-76.31%', '-', '-86.53%']
[['yq'], '256.73M', '-', '154.90M', '1.70', '-', '-', '3156', '-', '-', '1.66', '0.78', '0.58', '2.50', '2.50', '0.00', '-', '-', '-64.60%', '60.70%', '-', '-', '-', '187.87M', '54.96M', '2.34%', '0.47', '-', '-89.00%', '-', '-89.70%']
[['seer'], '2.72B', '-', '0.54M', '8.65', '-', '-', '60', '-', '-', '5026.00', '5.21', '5.25', '62.60', '62.90', '0.00', '-', '-', '-7.80%', '-', '-', '-', '-', '60.84M', '44.45M', '9.25%', '9.14', '55.00', '0.90%', '-', '-19.77%']
[['sbtx'], '778.18M', '-', '-', '10.03', '-', '-', '76', '-', '-', '-', '2.04', '2.16', '23.30', '23.30', '0.00', '-', '-', '-', '-', '-', '-', '-', '34.88M', '32.12M', '10.10%', '19.40', '-', '-58.30%', '-', '-55.76%']
[['ftcv'], '353.51M', '-', '-', '6.17', '-', '-', '-', '-', '-', '-', '1.68', '1178.38', '0.40', '0.40', '0.00', '-', '-', '-', '-', '-', '-', '-', '34.19M', '25.00M', '8.25%', '3.55', '-', '1.27%', '-', '-2.81%']
[['spfr'], '431.24M', '-', '-', '7.07', '-', '-', '2', '-', '-', '-', '1.41', '4312.36', '0.20', '0.20', '0.00', '-', '-', '-', '-', '-', '-', '-', '43.12M', '25.88M', '2.00%', '2.34', '13.00', '-2.54%', '-', '-8.69%']
[['lokb'], '316.18M', '-', '-', '8.53', '-', '-', '4', '-', '-', '-', '1.17', '1580.92', '0.00', '0.00', '0.00', '-', '-', '-', '-', '-', '-', '-', '25.30M', '18.98M', '0.60%', '0.72', '-', '-0.89%', '-', '-8.18%']
[['fpac'], '597.00M', '-', '-', '0.07', '-', '-', '-', '-', '-', '-', '138.19', '-', '-', '-', '-', '-', '-', '-', '-', '-', '-', '-', '60.00M', '-', '-', '3.20', '-', '-0.10%', '-', '-3.21%']
[['knte'], '1.02B', '-', '-', '8.30', '-', '-', '52', '-', '-', '-', '2.82', '3.99', '31.10', '31.10', '0.00', '-', '-', '-', '-', '-', '-', '-', '43.54M', '37.12M', '4.76%', '9.93', '-', '-33.23%', '-', '-41.25%']
[['htpa'], '291.36M', '-', '-', '-', '-', '-', '-', '-', '-', '-', '-', '-', '-', '-', '-', '-', '-', '-', '-', '-', '-', '-', '30.00M', '29.88M', '0.18%', '2.51', '-', '-3.46%', '-', '-6.79%']
[['dcbo'], '3.46B', '-22.30M', '103.20M', '7.41', '-', '-', '488', '-', '3279.26', '33.55', '11.95', '12.75', '4.40', '4.40', '0.02', '-8.30%', '-11.10%', '-3.70%', '81.90%', '-20.30%', '-21.60%', '-', '32.81M', '13.42M', '1.13%', '2.43', '-', '113.76%', '-', '36.03%']
[['taca'], '285.21M', '-', '-', '7.16', '-', '-', '1', '-', '-', '-', '1.38', '203.72', '0.90', '0.90', '0.00', '-', '-', '-', '-', '-', '-', '-', '28.75M', '17.25M', '0.31%', '1.60', '-', '-1.49%', '-', '-2.56%']
[['sgam'], '180.44M', '-', '-', '6.97', '-', '-', '-', '-', '-', '-', '1.43', '601.46', '1.60', '1.60', '0.00', '-', '-', '-', '-', '-', '-', '-', '17.97M', '14.38M', '0.71%', '1.93', '-', '0.30%', '-', '-0.40%']
[['vmar'], '52.13M', '-', '2.36M', '-', '-', '-', '-', '-', '-', '22.07', '-', '-', '-', '-', '-', '-', '-', '-', '-', '-', '-', '-', '8.21M', '3.63M', '0.35%', '0.22', '-', '-32.88%', '-', '-52.79%']
[['ozon'], '11.03B', '-483.60M', '1.79B', '3.98', '-', '-', '14834', '-', '-', '6.15', '13.10', '-', '2.20', '2.50', '1.27', '-23.80%', '-68.40%', '-16.80%', '-0.70%', '-21.80%', '-27.00%', '-', '203.92M', '200.61M', '1.16%', '3.66', '-', '0.93%', '-', '25.89%']
[['tinv'], '349.44M', '-', '-', '6.83', '-', '-', '-', '-', '-', '-', '1.48', '436.80', '2.00', '2.00', '0.00', '-', '-', '-', '-', '-', '-', '-', '34.50M', '27.60M', '0.23%', '1.35', '-', '-0.78%', '-', '-5.15%']
[['sv'], '263.58M', '-', '-', '6.85', '-', '-', '-', '-', '-', '-', '1.34', '202.75', '14.30', '14.30', '0.00', '-', '-', '-', '-', '-', '-', '-', '28.75M', '20.45M', '4.38%', '3.52', '-', '-8.73%', '-', '-9.09%']
[['brez'], '147.03M', '8.60M', '-', '7.11', '-', '-', '-', '17.10', '-', '-', '1.42', '735.15', '0.80', '0.80', '0.00', '9.80%', '11.10%', '-', '-', '-', '-', '0.00%', '14.62M', '12.06M', '0.28%', '2.83', '-', '0.61%', '-', '-0.78%']
[['mrvi'], '15.79B', '-', '381.33M', '1.73', '-', '-', '490', '-', '45.49', '41.42', '34.55', '42.15', '3.60', '3.90', '3.04', '-', '-', '16.10%', '-', '-', '-', '-', '112.20M', '89.07M', '2.05%', '1.61', '58.78', '65.71%', '-', '113.08%']
[['cas'], '283.47M', '-', '-', '7.27', '-', '-', '-', '-', '-', '-', '1.36', '257.70', '0.10', '0.10', '0.00', '-', '-', '-', '-', '-', '-', '-', '28.75M', '16.95M', '0.04%', '0.14', '2.50', '-3.24%', '-', '-2.76%']
[['oca'], '254.29M', '-', '-', '7.00', '-', '-', '-', '-', '-', '-', '1.41', '508.58', '0.30', '0.30', '0.00', '-', '-', '-', '-', '-', '-', '-', '25.81M', '15.49M', '3.83%', '9.58', '-', '-0.70%', '-', '-1.89%']
[['shc'], '7.23B', '9.00M', '880.90M', '1.87', '-', '-', '3000', '530.00', '24.80', '8.21', '13.89', '46.31', '2.50', '2.70', '3.58', '0.30%', '4.70%', '7.10%', '55.30%', '18.80%', '1.00%', '0.00%', '279.08M', '275.13M', '0.73%', '2.80', '32.44', '-4.56%', '-', '-5.36%']
[['kwac'], '145.38M', '-', '-', '7.05', '-', '-', '2', '-', '-', '-', '1.42', '121.15', '3.00', '3.00', '0.00', '-', '-', '-', '-', '-', '-', '-', '14.75M', '8.40M', '0.57%', '1.00', '-', '-', '-', '-2.52%']
[['lsaq'], '100.20M', '-0.60M', '-', '10.05', '-', '-', '-', '-', '-', '-', '0.99', '250.50', '4.10', '4.10', '0.00', '-0.90%', '-0.90%', '-', '-', '-', '-', '-', '10.01M', '8.64M', '1.28%', '4.20', '-', '-5.85%', '-', '-6.47%']
[['jyac'], '130.42M', '-', '-', '7.54', '-', '-', '-', '-', '-', '-', '1.29', '108.68', '11.90', '11.90', '0.00', '-', '-', '-', '-', '-', '-', '-', '13.45M', '8.27M', '0.00%', '0.06', '-', '-8.97%', '-', '-5.44%']
[['olma'], '1.18B', '-', '-', '7.97', '-', '-', '36', '-', '-', '-', '3.75', '3.72', '39.40', '39.40', '0.00', '-', '-', '-', '-', '-', '-', '-', '39.41M', '35.74M', '5.55%', '7.44', '-', '-27.47%', '-', '-37.90%']
[['tls'], '2.17B', '-29.80M', '200.60M', '2.47', '-', '-', '785', '-', '48.45', '10.83', '13.75', '16.59', '4.60', '4.60', '0.09', '-17.50%', '-43.50%', '10.10%', '33.70%', '-11.50%', '-14.90%', '-', '66.62M', '57.78M', '3.23%', '2.59', '42.33', '8.08%', '-', '2.97%']
[['ysg'], '3.71B', '-509.10M', '960.00M', '1.56', '-', '-', '3936', '-', '-', '3.87', '3.56', '5.84', '4.80', '5.50', '0.00', '-45.10%', '-76.50%', '-39.30%', '66.90%', '-47.30%', '-53.00%', '-', '631.61M', '160.97M', '7.84%', '5.11', '-', '-67.69%', '-', '-67.29%']
[['ngms'], '1.09B', '-', '53.44M', '2.34', '-', '-', '153', '-', '53.08', '20.39', '18.92', '16.66', '2.40', '2.40', '0.57', '-', '-', '12.00%', '-', '-', '-', '-', '25.15M', '5.53M', '2.23%', '0.95', '62.33', '48.86%', '-', '16.53%']
[['lnfa'], '214.75M', '-', '-', '6.97', '-', '-', '2', '-', '-', '-', '1.43', '165.20', '2.40', '2.40', '0.00', '-', '-', '-', '-', '-', '-', '-', '21.56M', '12.94M', '0.01%', '0.05', '-', '0.61%', '-', '-1.87%']
[['pipp'], '265.63M', '-', '-', '7.21', '-', '-', '-', '-', '-', '-', '1.35', '2656.29', '1.10', '1.10', '0.00', '-', '-', '-', '-', '-', '-', '-', '27.30M', '16.38M', '2.19%', '3.83', '-', '-6.26%', '-', '-6.80%']
[['dgns'], '280.99M', '-', '-', '7.54', '-', '-', '-', '-', '-', '-', '1.32', '140.49', '0.80', '0.80', '0.01', '-', '-', '-', '-', '-', '-', '-', '35.25M', '21.45M', '0.28%', '0.21', '-', '-9.05%', '-', '-12.87%']
[['znte'], '289.51M', '-', '-', '6.83', '-', '-', '3', '-', '-', '-', '1.47', '222.70', '0.60', '0.60', '0.00', '-', '-', '-', '-', '-', '-', '-', '28.75M', '17.25M', '0.92%', '1.25', '-', '-1.56%', '-', '-1.23%']
[['dmyi'], '374.97M', '-', '-', '6.55', '-', '-', '-', '-', '-', '-', '1.53', '-', '0.20', '0.20', '0.00', '-', '-', '-', '-', '-', '-', '-', '37.50M', '22.50M', '1.20%', '0.69', '-', '-11.49%', '-', '-7.31%']
[['haac'], '534.11M', '-', '-', '8.72', '-', '-', '-', '-', '-', '-', '1.11', '281.11', '1.10', '1.10', '0.00', '-', '-', '-', '-', '-', '-', '-', '52.50M', '49.88M', '0.45%', '0.81', '-', '-8.82%', '-', '-13.60%']
[['bwac'], '161.58M', '-', '-', '7.62', '-', '-', '-', '-', '-', '-', '1.32', '230.83', '4.60', '4.60', '0.00', '-', '-', '-', '-', '-', '-', '-', '16.11M', '12.95M', '1.36%', '5.88', '-', '0.10%', '-', '-1.18%']
[['noac'], '278.58M', '-', '-', '7.59', '-', '-', '2', '-', '-', '-', '1.28', '253.26', '6.60', '6.60', '0.00', '-', '-', '-', '-', '-', '-', '-', '28.75M', '22.49M', '0.09%', '0.56', '-', '-3.48%', '-', '-5.37%']
[['adoc'], '119.52M', '-', '-', '28.16', '-', '-', '-', '-', '-', '-', '0.36', '199.20', '1.50', '1.50', '0.00', '-', '-', '-', '-', '-', '-', '-', '9.55M', '7.91M', '0.01%', '0.05', '-', '-1.75%', '-', '-1.17%']
[['dbdr'], '293.35M', '-', '-', '6.53', '-', '-', '3', '-', '-', '-', '1.55', '-', '0.20', '0.20', '0.00', '-', '-', '-', '-', '-', '-', '-', '28.95M', '17.37M', '1.07%', '2.44', '-', '1.20%', '-', '0.30%']
[['sqz'], '414.48M', '-64.40M', '18.60M', '5.47', '-', '-', '98', '-', '-', '22.28', '2.67', '-', '4.30', '4.30', '0.00', '-28.30%', '-74.70%', '-40.10%', '-', '-', '-', '-', '27.92M', '25.31M', '6.09%', '8.33', '-', '0.69%', '-', '-49.55%']
[['lu'], '21.43B', '2.30B', '8.74B', '5.69', '-', '-', '87240', '9.00', '7.20', '2.45', '1.49', '4.77', '-', '-', '0.43', '5.70%', '18.70%', '13.30%', '-', '40.60%', '26.30%', '0.00%', '2.44B', '885.37M', '2.35%', '2.77', '14.38', '-44.00%', '-', '-40.21%']
[['conx'], '916.13M', '-', '-', '7.29', '-', '-', '-', '-', '-', '-', '1.34', '1017.93', '0.00', '0.00', '0.00', '-', '-', '-', '-', '-', '-', '-', '93.75M', '75.00M', '0.31%', '1.91', '-', '-2.40%', '-', '-4.50%']
[['jupw'], '40.34M', '-11.70M', '1.10M', '0.33', '-', '-', '5', '-', '-', '36.67', '5.30', '-', '1.70', '1.80', '0.57', '-238.00%', '-399.00%', '-108.30%', '36.10%', '-', '-', '-', '11.36M', '5.74M', '2.45%', '0.25', '-', '-68.41%', '-', '-65.62%']
[['avir'], '2.46B', '35.30M', '175.00M', '7.23', '-', '-', '49', '75.11', '2.27', '14.08', '4.10', '3.02', '3.20', '3.20', '0.00', '5.30%', '8.50%', '-2.00%', '-', '-', '20.20%', '0.00%', '82.74M', '67.48M', '8.66%', '4.25', '46.50', '-51.91%', '-', '-28.99%']
[['lesl'], '4.58B', '124.10M', '1.32B', '-1.41', '-', '-', '3700', '38.50', '27.03', '3.48', '-', '14.81', '1.10', '1.70', '-', '14.80%', '-26.60%', '39.80%', '43.60%', '15.30%', '9.40%', '0.00%', '188.26M', '182.25M', '13.82%', '12.10', '32.64', '4.24%', '-', '-12.32%']
[['dsac'], '213.70M', '-', '-', '7.06', '-', '-', '-', '-', '-', '-', '1.38', '-', '0.30', '0.30', '0.00', '-', '-', '-', '-', '-', '-', '-', '21.88M', '17.50M', '0.12%', '0.51', '-', '-2.60%', '-', '-2.21%']
[['glto'], '114.15M', '-43.90M', '-', '5.60', '-', '-', '28', '-', '-', '-', '0.79', '1.12', '22.70', '22.70', '0.00', '-30.60%', '-47.80%', '-', '-', '-', '-', '-', '25.26M', '22.38M', '0.60%', '0.11', '-', '-55.56%', '-', '-64.51%']
[['algm'], '5.85B', '40.80M', '664.30M', '3.26', '-', '-', '3874', '145.75', '35.89', '8.80', '9.57', '26.35', '3.10', '3.80', '0.00', '5.40%', '6.80%', '3.70%', '47.80%', '4.60%', '6.10%', '0.00%', '189.59M', '84.95M', '1.70%', '3.01', '35.71', '20.75%', '-', '16.99%']
[['root'], '1.56B', '-496.70M', '259.80M', '3.06', '-', '-', '1007', '-', '-', '6.01', '1.94', '1.61', '-', '-', '0.26', '-33.70%', '-92.10%', '-23.40%', '-', '-', '-', '-', '248.90M', '66.46M', '28.71%', '3.09', '7.31', '-51.27%', '-', '-62.25%']
[['bdsx'], '274.27M', '-31.70M', '77.00M', '0.93', '-', '-', '200', '-', '-', '3.56', '10.62', '4.87', '3.20', '3.20', '1.28', '-33.00%', '83.60%', '-33.30%', '43.00%', '-33.50%', '-41.20%', '-', '27.73M', '7.48M', '6.89%', '3.16', '-', '-46.80%', '-', '-50.99%']
[['abst'], '752.84M', '4.70M', '151.60M', '0.70', '0.27', '2.22%', '535', '133.74', '88.83', '4.97', '17.39', '4.28', '1.40', '1.40', '0.45', '1.90%', '39.70%', '13.10%', '86.90%', '4.80%', '3.10%', '243.50%', '47.64M', '37.39M', '1.03%', '4.38', '-', '-18.43%', '-4.62%', '2.18%']
[['boac'], '741.15M', '-', '-', '6.95', '-', '-', '-', '-', '-', '-', '1.41', '435.97', '11.80', '11.80', '0.00', '-', '-', '-', '-', '-', '-', '-', '75.94M', '60.75M', '0.57%', '1.68', '-', '-3.55%', '-', '-5.88%']
[['max'], '1.28B', '-23.30M', '672.70M', '-0.55', '-', '-', '117', '6.30', '57.32', '1.90', '-', '85.43', '1.80', '1.80', '-', '-11.30%', '40.10%', '14.00%', '14.70%', '0.20%', '-3.50%', '0.00%', '37.67M', '17.53M', '5.62%', '4.60', '-', '-60.66%', '-', '-43.67%']
[['acic'], '623.80M', '-', '-', '7.27', '-', '-', '-', '-', '-', '-', '1.38', '2079.33', '0.10', '0.10', '0.00', '-', '-', '-', '-', '-', '-', '-', '62.50M', '49.95M', '18.49%', '10.48', '-', '-8.51%', '-', '-0.60%']
[['gato'], '980.21M', '6.80M', '-', '4.70', '-', '-', '620', '-', '14.57', '-', '3.17', '33.12', '-', '9.80', '0.00', '0.60%', '0.60%', '-', '-', '-', '-', '-', '59.75M', '34.14M', '7.59%', '3.07', '19.00', '3.40%', '-', '14.27%']
[['fhtx'], '488.73M', '-85.20M', '1.00M', '2.83', '-', '-', '95', '-', '-', '488.73', '4.69', '3.46', '8.80', '8.80', '0.19', '-40.80%', '-140.70%', '-41.40%', '-', '-', '-', '-', '36.85M', '29.78M', '3.28%', '8.25', '-', '4.32%', '-', '-34.53%']
[['mcfe'], '11.69B', '-134.00M', '2.41B', '-56.92', '0.46', '1.70%', '6916', '-', '24.58', '4.84', '-', '27.84', '0.40', '0.40', '-', '-1.50%', '1.30%', '-4.60%', '71.10%', '8.90%', '-3.40%', '-', '165.00M', '53.42M', '5.05%', '2.60', '29.43', '32.19%', '-', '89.61%']
[['ctac'], '332.73M', '-', '-', '6.96', '-', '-', '-', '-', '-', '-', '1.43', '475.33', '0.20', '0.20', '0.00', '-', '-', '-', '-', '-', '-', '-', '33.22M', '19.59M', '0.71%', '1.02', '-', '-2.16%', '-', '-2.25%']
[['tekk'], '303.71M', '-', '-', '7.05', '-', '-', '-', '-', '-', '-', '1.38', '506.18', '0.60', '0.60', '0.00', '-', '-', '-', '-', '-', '-', '-', '31.25M', '24.00M', '0.07%', '0.46', '-', '-3.00%', '-', '-3.77%']
[['blsa'], '182.61M', '-', '-', '7.56', '-', '-', '-', '-', '-', '-', '1.30', '228.27', '4.30', '4.30', '0.00', '-', '-', '-', '-', '-', '-', '-', '18.46M', '14.86M', '0.01%', '0.10', '-', '-18.96%', '-', '-11.54%']
[['abcm'], '4.75B', '-', '269.30M', '2.87', '-', '-', '1600', '-', '-', '17.63', '7.30', '-', '-', '-', '-', '-', '-', '-', '-', '-', '-', '-', '226.78M', '187.47M', '0.03%', '0.39', '-', '0.62%', '-', '-2.83%']
[['ghld'], '880.46M', '429.30M', '2.04B', '14.14', '-', '-', '4400', '2.05', '4.50', '0.43', '1.04', '2.73', '-', '-', '3.64', '9.30%', '54.10%', '10.00%', '-', '31.20%', '21.00%', '0.00%', '60.00M', '8.95M', '0.07%', '0.34', '18.80', '0.65%', '-', '-7.90%']
[['rice'], '499.28M', '-', '-', '2.96', '-', '-', '-', '-', '22.41', '-', '5.84', '-', '0.10', '0.10', '0.00', '-', '-', '-', '-', '-', '-', '-', '29.66M', '23.73M', '6.09%', '13.06', '26.00', '70.61%', '-', '59.74%']
[['lftr'], '251.85M', '-', '-', '7.22', '-', '-', '-', '-', '-', '-', '1.35', '629.61', '0.40', '0.40', '0.00', '-', '-', '-', '-', '-', '-', '-', '25.89M', '15.53M', '0.60%', '1.64', '-', '-4.71%', '-', '-6.09%']
[['ygmz'], '55.52M', '0.80M', '18.80M', '2.07', '-', '-', '147', '44.49', '-', '2.95', '1.68', '26.44', '2.40', '2.40', '0.38', '3.30%', '6.20%', '3.60%', '14.80%', '7.50%', '4.20%', '0.00%', '10.26M', '7.04M', '2.41%', '0.52', '-', '-52.98%', '-', '-65.85%']
[['xpoa'], '365.25M', '-13.30M', '-', '7.10', '-', '-', '-', '-', '-', '-', '1.37', '913.12', '0.70', '0.70', '0.00', '-5.90%', '-6.80%', '-', '-', '-', '-', '-', '37.50M', '22.38M', '0.46%', '0.60', '-', '-4.13%', '-', '-6.44%']
[['higa'], '444.50M', '-', '-', '7.24', '-', '-', '-', '-', '-', '-', '1.35', '-', '0.50', '0.50', '0.00', '-', '-', '-', '-', '-', '-', '-', '45.49M', '36.40M', '0.39%', '3.80', '-', '-2.69%', '-', '-3.56%']
[['msp'], '4.12B', '44.60M', '566.20M', '10.87', '-', '-', '1743', '106.86', '47.21', '7.28', '2.35', '23.07', '2.80', '3.10', '0.00', '2.40%', '2.90%', '2.60%', '71.70%', '10.50%', '7.90%', '0.00%', '161.47M', '151.79M', '2.46%', '14.54', '33.20', '3.61%', '-', '-5.41%']
[['hzon'], '639.77M', '-', '-', '7.35', '-', '-', '-', '-', '-', '-', '1.33', '1279.54', '0.40', '0.40', '0.00', '-', '-', '-', '-', '-', '-', '-', '65.62M', '39.38M', '1.04%', '1.82', '-', '-10.95%', '-', '-5.52%']
[['hlxa'], '145.14M', '-', '-', '7.58', '-', '-', '-', '-', '-', '-', '1.29', '131.94', '14.80', '14.80', '0.00', '-', '-', '-', '-', '-', '-', '-', '14.80M', '8.62M', '0.09%', '0.67', '-', '-12.50%', '-', '-13.81%']
[['algs'], '721.81M', '-125.20M', '2.50M', '4.47', '-', '-', '86', '-', '-', '288.72', '3.79', '3.79', '6.50', '6.50', '0.00', '-62.30%', '-111.90%', '-', '-', '-', '-', '-', '37.74M', '32.89M', '5.67%', '7.06', '-', '-31.72%', '-', '-38.81%']
[['btwn'], '731.76M', '-30.90M', '-', '7.01', '-', '-', '-', '-', '-', '-', '1.43', '609.80', '0.40', '0.40', '0.00', '-6.90%', '-8.30%', '-', '-', '-', '-', '-', '74.37M', '59.50M', '1.27%', '1.33', '-', '-18.14%', '-', '-35.27%']
[['opt'], '348.22M', '-', '0.23M', '-', '-', '-', '-', '-', '-', '1525.56', '-', '-', '-', '-', '-', '-', '-', '-', '-', '-', '-', '-', '42.21M', '22.66M', '0.60%', '1.18', '-', '-13.70%', '129.17%', '-26.44%']
[['ear'], '871.02M', '-44.70M', '85.50M', '4.53', '-', '-', '238', '-', '-', '10.19', '4.95', '4.86', '8.10', '8.20', '0.00', '-23.50%', '-46.60%', '-17.50%', '71.00%', '-60.40%', '-52.30%', '-', '38.81M', '36.16M', '7.73%', '5.60', '-', '-56.32%', '-', '-49.98%']
[['tars'], '518.61M', '-5.00M', '55.40M', '9.36', '-', '-', '20', '-', '-', '9.36', '2.73', '2.93', '19.20', '19.20', '0.00', '-3.00%', '-3.80%', '-', '96.30%', '-', '-9.10%', '-', '20.55M', '14.70M', '2.12%', '5.67', '-', '-21.06%', '-', '-38.16%']
[['prax'], '988.13M', '-110.60M', '-', '8.03', '-', '-', '67', '-', '-', '-', '2.81', '2.91', '22.10', '22.10', '0.00', '-41.90%', '-57.90%', '-', '-', '-', '-', '-', '41.57M', '31.20M', '4.13%', '4.35', '-', '-43.85%', '-', '-59.00%']
[['krbp'], '25.66M', '-', '-', '-', '-', '-', '19', '-', '-', '-', '-', '-', '-', '-', '-', '-', '-', '-', '-', '-', '-', '-', '7.35M', '3.02M', '1.50%', '0.16', '-', '-67.80%', '-', '-58.80%']
[['tmts'], '251.50M', '-', '-', '6.78', '-', '-', '2', '-', '-', '-', '1.48', '2515.00', '0.30', '0.30', '0.00', '-', '-', '-', '-', '-', '-', '-', '25.00M', '14.44M', '0.33%', '0.54', '-', '1.00%', '-', '0.00%']
[['arry'], '2.49B', '-20.70M', '768.80M', '-0.54', '-', '-', '387', '-', '30.25', '3.23', '-', '140.47', '1.10', '2.00', '-', '-2.30%', '-35.90%', '20.10%', '17.30%', '1.50%', '-1.80%', '-', '126.99M', '125.60M', '5.41%', '1.97', '24.45', '-43.71%', '-', '-54.29%']
[['mnso'], '4.47B', '-219.20M', '1.41B', '3.39', '0.16', '1.14%', '-', '-', '18.19', '3.18', '4.13', '4.20', '2.20', '2.60', '0.12', '-15.20%', '-32.20%', '2.50%', '26.80%', '4.40%', '-15.60%', '-', '303.98M', '30.84M', '7.41%', '3.24', '-', '-43.11%', '-', '-46.99%']
[['ebc'], '3.59B', '66.90M', '412.10M', '19.93', '0.32', '1.70%', '407', '46.89', '16.98', '8.70', '0.95', '51.89', '-', '-', '0.00', '0.40%', '2.20%', '11.30%', '-', '99.70%', '16.20%', '34.80%', '172.17M', '170.28M', '1.70%', '4.25', '24.25', '2.33%', '-', '15.57%']
[['cdak'], '402.46M', '-89.40M', '16.70M', '2.34', '-', '-', '105', '-', '-', '24.10', '7.34', '-', '5.70', '5.70', '0.49', '-56.90%', '266.90%', '-229.60%', '-', '-', '-', '-', '22.12M', '14.09M', '6.26%', '8.18', '-', '5.14%', '-', '-46.84%']
[['fvam'], '103.79M', '-', '-', '7.53', '-', '-', '-', '-', '-', '-', '1.29', '129.74', '5.30', '5.30', '0.00', '-', '-', '-', '-', '-', '-', '-', '10.69M', '6.56M', '0.00%', '0.00', '-', '-8.92%', '-', '-4.62%']
[['ipod'], '574.41M', '-', '-', '7.01', '-', '-', '4', '-', '-', '-', '1.45', '-', '0.50', '0.50', '0.00', '-', '-', '-', '-', '-', '-', '-', '57.50M', '46.00M', '0.61%', '0.93', '-', '-17.36%', '-', '-25.57%']
[['sprb'], '187.53M', '-39.60M', '-', '5.58', '-', '-', '21', '-', '-', '-', '1.43', '1.72', '16.00', '16.00', '0.04', '-29.40%', '-42.90%', '-', '-', '-', '-', '-', '23.33M', '4.77M', '11.13%', '8.64', '-', '-63.38%', '-', '-67.17%']
[['kron'], '1.25B', '-128.00M', '-', '7.78', '-', '-', '90', '-', '-', '-', '2.80', '2.99', '32.40', '32.40', '0.00', '-29.50%', '-40.70%', '-', '-', '-', '-', '-', '54.51M', '46.72M', '9.43%', '15.92', '-', '-24.90%', '-', '-27.08%']
[['ipof'], '1.44B', '-', '-', '7.14', '-', '-', '-', '-', '-', '-', '1.46', '-', '0.30', '0.30', '0.00', '-', '-', '-', '-', '-', '-', '-', '143.75M', '115.00M', '0.44%', '0.45', '-', '-10.69%', '-', '-15.12%']
[['intz'], '80.19M', '-10.00M', '6.70M', '0.69', '-', '-', '63', '-', '-', '11.97', '6.48', '6.12', '5.50', '5.50', '0.05', '-84.30%', '-134.40%', '-40.00%', '61.20%', '-', '-', '-', '17.54M', '8.92M', '11.65%', '0.61', '4.88', '-78.40%', '-61.89%', '-74.63%']
[['ih'], '399.86M', '-5.70M', '105.40M', '1.92', '-', '-', '817', '-', '180.00', '3.79', '3.66', '3.07', '2.40', '2.40', '0.00', '-5.10%', '-12.10%', '-7.00%', '69.80%', '-5.60%', '-5.40%', '-', '53.33M', '7.46M', '1.19%', '2.00', '-', '-52.41%', '-', '-61.26%']
[['sttk'], '915.49M', '-59.30M', '1.80M', '6.61', '-', '-', '59', '-', '-', '508.61', '3.24', '3.00', '20.90', '20.90', '0.00', '-20.50%', '-28.70%', '-11.90%', '-', '-', '-', '-', '41.91M', '32.39M', '4.65%', '8.29', '-', '-40.95%', '-', '-59.17%']
[['fubo'], '4.16B', '-607.10M', '416.90M', '4.39', '-', '-', '220', '-', '-', '9.97', '6.74', '10.22', '-', '2.00', '0.51', '-60.80%', '-166.60%', '-197.80%', '-', '-', '-', '-', '140.53M', '127.21M', '18.54%', '2.82', '43.86', '2.32%', '216.03%', '5.64%']
[['azyo'], '87.26M', '-23.00M', '49.30M', '1.46', '-', '-', '175', '-', '-', '1.77', '5.88', '3.08', '1.60', '2.00', '1.61', '-33.80%', '406.80%', '-31.00%', '47.70%', '-24.00%', '-46.80%', '-', '10.23M', '3.34M', '3.99%', '6.03', '-', '-41.27%', '-', '-37.05%']
[['sqft'], '42.80M', '-6.60M', '21.70M', '5.41', '0.41', '10.57%', '22', '-', '-', '1.97', '0.72', '1.46', '-', '-', '1.75', '-3.80%', '-17.10%', '1.10%', '64.30%', '6.20%', '-30.20%', '-', '9.51M', '0.40M', '5.43%', '0.09', '5.67', '7.48%', '-', '-8.49%']
[['tpgy'], '471.62M', '-67.10M', '-', '5.78', '-', '-', '3', '-', '-', '-', '1.89', '2358.08', '0.00', '0.00', '0.01', '-25.50%', '-72.50%', '-', '-', '-', '-', '-', '43.75M', '35.00M', '6.17%', '5.66', '-', '-38.48%', '-', '-57.67%']
[['maac'], '511.36M', '-', '-', '6.65', '-', '-', '-', '-', '-', '-', '1.50', '426.13', '0.10', '0.10', '0.00', '-', '-', '-', '-', '-', '-', '-', '51.34M', '30.80M', '1.32%', '1.94', '-', '1.01%', '-', '-1.97%']
[['fmac'], '923.46M', '-', '-', '7.11', '-', '-', '-', '-', '-', '-', '1.37', '1846.92', '0.90', '0.90', '0.00', '-', '-', '-', '-', '-', '-', '-', '51.72M', '41.40M', '0.18%', '0.63', '-', '-6.06%', '-', '-7.83%']
[['apsg'], '993.48M', '2.00M', '-', '7.19', '-', '-', '-', '885.45', '-', '-', '1.35', '1655.80', '0.20', '0.20', '0.01', '0.30%', '0.40%', '-', '-', '-', '-', '0.00%', '102.10M', '75.00M', '0.15%', '0.78', '-', '-4.70%', '-', '-6.44%']
[['vygg'], '629.54M', '-', '-', '7.20', '-', '-', '-', '-', '-', '-', '1.36', '314.77', '1.80', '1.80', '0.00', '-', '-', '-', '-', '-', '-', '-', '71.88M', '35.15M', '0.20%', '0.40', '-', '-8.00%', '-', '-6.14%']
[['avan'], '730.54M', '-', '-', '7.09', '-', '-', '-', '-', '-', '-', '1.38', '-', '4.30', '4.30', '0.00', '-', '-', '-', '-', '-', '-', '-', '75.00M', '59.90M', '0.11%', '0.60', '-', '-2.50%', '-', '-5.06%']
[['cccc'], '2.26B', '-82.00M', '33.90M', '9.50', '-', '-', '99', '-', '-', '66.62', '4.97', '4.85', '10.80', '10.80', '0.02', '-21.40%', '-40.80%', '-20.60%', '-', '-', '-', '-', '43.85M', '42.23M', '6.49%', '6.04', '57.83', '12.06%', '-', '42.50%']
[['imnm'], '210.46M', '-21.60M', '-', '5.29', '-', '-', '23', '-', '-', '-', '3.28', '3.52', '17.80', '17.80', '0.00', '-52.90%', '-95.10%', '-', '-', '-', '-', '-', '11.46M', '8.59M', '2.25%', '0.45', '-', '-43.21%', '-', '79.24%']
[['seah'], '1.05B', '-', '-', '6.36', '-', '-', '-', '-', '-', '-', '1.57', '3494.00', '0.10', '0.10', '0.00', '-', '-', '-', '-', '-', '-', '-', '56.25M', '44.85M', '0.50%', '0.55', '-', '0.00%', '-', '-1.19%']
[['aso'], '4.16B', '496.60M', '6.13B', '14.27', '-', '-', '22000', '8.27', '10.28', '0.68', '3.16', '7.01', '0.50', '1.40', '0.60', '10.50%', '43.50%', '20.70%', '32.60%', '10.60%', '8.10%', '0.00%', '92.18M', '90.88M', '13.72%', '5.80', '45.38', '79.91%', '-', '117.75%']
[['oncr'], '257.28M', '-62.40M', '-', '6.33', '-', '-', '56', '-', '-', '-', '1.62', '1.61', '15.10', '15.10', '0.00', '-36.40%', '-70.20%', '-', '-', '-', '-', '-', '25.68M', '25.13M', '2.94%', '6.03', '-', '-30.88%', '-', '-68.36%']
[['impx'], '486.51M', '-', '-', '7.18', '-', '-', '-', '-', '-', '-', '1.36', '405.43', '0.10', '0.10', '0.00', '-', '-', '-', '-', '-', '-', '-', '50.00M', '27.50M', '0.40%', '1.40', '-', '-2.60%', '-', '-3.56%']
[['avo'], '1.39B', '29.60M', '838.00M', '6.76', '-', '-', '2500', '48.12', '19.54', '1.66', '2.91', '15.31', '2.20', '2.70', '0.37', '3.90%', '6.80%', '4.90%', '15.30%', '5.60%', '3.40%', '0.00%', '70.55M', '37.15M', '2.83%', '4.67', '24.00', '-6.91%', '-', '30.76%']
[['lxeh'], '133.40M', '5.20M', '24.70M', '4.27', '-', '-', '517', '25.64', '-', '5.40', '2.34', '4.04', '2.30', '2.40', '0.11', '-', '-', '6.40%', '28.30%', '16.20%', '21.10%', '0.00%', '13.33M', '2.67M', '0.23%', '1.09', '-', '17.65%', '-', '18.62%']
[['lung'], '1.54B', '-37.60M', '41.90M', '5.82', '-', '-', '170', '-', '-', '36.83', '7.27', '7.37', '13.50', '14.30', '0.08', '-17.90%', '-33.70%', '-13.40%', '72.00%', '-92.90%', '-89.70%', '-', '36.04M', '33.49M', '3.59%', '3.27', '55.67', '-17.13%', '-', '-38.73%']
[['igac'], '365.69M', '-', '-', '7.04', '-', '-', '-', '-', '-', '-', '1.39', '731.38', '364.40', '-', '0.00', '-', '-', '-', '-', '-', '-', '-', '37.50M', '22.50M', '0.26%', '0.85', '-', '-1.91%', '-', '-3.55%']
[['thry'], '988.23M', '170.50M', '1.06B', '8.02', '-', '-', '2313', '5.99', '12.19', '0.93', '3.74', '62.55', '1.20', '1.20', '2.40', '12.70%', '93.10%', '33.30%', '63.60%', '14.90%', '16.10%', '0.00%', '32.93M', '31.80M', '2.74%', '4.59', '44.50', '55.09%', '91.63%', '122.30%']
[['rchg'], '245.74M', '-', '-', '7.25', '-', '-', '-', '-', '-', '-', '1.35', '245.74', '3.00', '3.00', '0.00', '-', '-', '-', '-', '-', '-', '-', '25.05M', '15.03M', '0.55%', '3.16', '-', '-4.76%', '-', '-3.73%']
[['agc'], '673.11M', '-', '-', '7.21', '-', '-', '-', '-', '-', '-', '1.49', '2243.70', '1.60', '1.60', '0.00', '-', '-', '-', '-', '-', '-', '-', '50.00M', '41.12M', '39.56%', '38.27', '-', '-9.76%', '-', '-16.64%']
[['asan'], '14.69B', '-263.80M', '293.40M', '-0.29', '-', '-', '1080', '-', '-', '50.08', '-', '38.04', '2.40', '2.40', '-', '-30.00%', '414.10%', '-47.90%', '88.70%', '-59.80%', '-72.20%', '-', '162.08M', '71.51M', '7.26%', '2.12', '66.64', '187.94%', '-', '219.90%']
[['bq'], '200.00M', '-4.80M', '169.50M', '0.20', '-', '-', '325', '-', '-', '1.18', '13.55', '3.11', '2.10', '2.50', '4.55', '-3.70%', '4.30%', '-29.60%', '18.30%', '-18.80%', '-2.80%', '-', '90.19M', '72.67M', '0.81%', '2.28', '-', '-50.64%', '-', '-47.98%']
[['pltr'], '51.87B', '-1263.70M', '1.33B', '1.09', '-', '-', '2439', '-', '127.14', '39.05', '24.50', '22.15', '3.90', '3.90', '0.00', '-44.40%', '-76.00%', '-67.50%', '71.00%', '-95.20%', '-95.10%', '-', '1.89B', '1.63B', '3.46%', '1.33', '24.61', '10.06%', '-', '13.38%']
[['qell'], '430.67M', '-', '-', '6.96', '-', '-', '-', '-', '-', '-', '1.44', '1435.56', '0.20', '0.20', '0.00', '-', '-', '-', '-', '-', '-', '-', '47.44M', '24.14M', '14.60%', '9.01', '-', '-3.85%', '-', '-18.71%']
[['cd'], '4.62B', '-15.60M', '364.10M', '4.25', '-', '-', '981', '-', '209.34', '12.69', '3.00', '4.50', '4.20', '4.20', '0.53', '-0.60%', '-1.20%', '-0.30%', '40.50%', '9.30%', '-4.30%', '-', '361.94M', '40.00M', '14.25%', '5.14', '-', '-32.04%', '-', '-46.70%']
[['yala'], '1.44B', '15.70M', '216.40M', '1.97', '-', '-', '374', '195.58', '9.25', '6.68', '5.16', '4.88', '9.90', '9.90', '0.00', '5.70%', '6.30%', '1.20%', '57.60%', '8.00%', '7.20%', '0.00%', '148.25M', '18.60M', '27.02%', '4.44', '-', '-47.98%', '-', '-29.03%']
[['orph'], '176.95M', '-61.00M', '-', '-', '-', '-', '141', '-', '-', '-', '-', '3.31', '1.80', '1.80', '0.27', '-', '-', '-', '-', '-', '-', '-', '35.25M', '28.14M', '5.86%', '0.11', '-', '-62.40%', '-', '-53.22%']
[['amst'], '40.09M', '-11.10M', '0.40M', '0.64', '-', '-', '12', '-', '-', '100.22', '3.08', '3.31', '12.30', '12.30', '0.00', '-81.60%', '-92.30%', '-', '-', '-', '-', '-', '20.54M', '9.21M', '2.25%', '0.11', '-', '-64.76%', '-', '-59.38%']
[['prld'], '1.84B', '-84.20M', '-', '7.26', '-', '-', '100', '-', '-', '-', '5.21', '5.37', '23.50', '23.50', '0.00', '-28.50%', '-29.80%', '-', '-', '-', '-', '-', '46.06M', '43.72M', '9.61%', '21.00', '61.60', '-32.48%', '-', '-47.10%']
[['pmvp'], '1.37B', '-43.70M', '-', '7.50', '-', '-', '44', '-', '-', '-', '3.85', '4.30', '43.10', '43.10', '0.00', '-12.10%', '-12.40%', '-', '-', '-', '-', '-', '45.07M', '39.90M', '7.20%', '7.54', '-', '-17.57%', '-', '-53.08%']
[['glsi'], '584.64M', '-2.80M', '-', '2.26', '-', '-', '1', '-', '-', '-', '19.82', '19.62', '45.70', '45.70', '0.00', '-11.60%', '-12.10%', '-', '-', '-', '-', '-', '12.90M', '3.15M', '5.83%', '2.18', '75.00', '37.04%', '-', '22.84%']
[['viao'], '211.82M', '-4.20M', '199.70M', '0.80', '-', '-', '620', '-', '5.91', '1.06', '11.44', '2.20', '1.80', '2.10', '0.41', '-', '-', '-2.00%', '14.10%', '1.00%', '-0.30%', '-', '114.58M', '111.86M', '0.00%', '0.21', '-', '-28.52%', '-', '-32.02%']
[['syta'], '17.90M', '-', '11.96M', '-', '-', '-', '-', '-', '-', '1.50', '-', '-', '-', '-', '-', '-', '-', '-', '-', '-', '-', '-', '4.58M', '3.08M', '1.79%', '0.34', '-', '-63.83%', '-64.05%', '-63.70%']
[['gray'], '96.63M', '-34.70M', '-', '4.02', '-', '-', '31', '-', '-', '-', '1.01', '1.13', '14.10', '14.10', '0.00', '-44.30%', '-90.30%', '-', '-', '-', '-', '-', '21.02M', '19.08M', '6.07%', '0.58', '4.75', '-43.61%', '-', '-86.01%']
[['tsha'], '873.80M', '-106.30M', '-', '4.98', '-', '-', '38', '-', '-', '-', '4.33', '4.43', '7.30', '7.30', '0.00', '-41.60%', '-45.80%', '-', '-', '-', '-', '-', '37.48M', '22.32M', '12.29%', '15.82', '-', '-18.91%', '-', '-18.73%']
[['crsr'], '2.74B', '153.90M', '2.02B', '5.71', '-', '-', '2411', '18.40', '15.21', '1.36', '5.08', '20.35', '0.90', '1.50', '0.00', '11.70%', '33.40%', '18.40%', '28.40%', '10.40%', '7.60%', '0.00%', '92.79M', '90.26M', '9.67%', '2.58', '39.67', '-13.60%', '-', '-19.85%']
[['lsf'], '180.48M', '-14.50M', '26.00M', '8.45', '-', '-', '145', '-', '-', '6.94', '2.27', '2.99', '18.60', '20.80', '0.00', '-21.30%', '-23.80%', '-16.20%', '26.20%', '-49.70%', '-55.80%', '-', '8.88M', '6.21M', '12.42%', '11.42', '-', '-48.07%', '-', '-59.43%']
[['gdrx'], '15.70B', '-315.60M', '631.10M', '2.02', '-', '-', '450', '-', '80.10', '24.87', '20.62', '17.54', '16.40', '16.40', '0.81', '-20.60%', '-41.50%', '-19.30%', '93.90%', '-58.10%', '-50.00%', '-', '408.36M', '69.06M', '27.65%', '11.04', '41.71', '-1.68%', '-', '3.25%']
[['bsy'], '19.20B', '159.50M', '867.50M', '1.55', '0.12', '0.17%', '4104', '135.81', '87.00', '22.13', '44.51', '146.30', '0.70', '0.70', '2.69', '10.10%', '54.30%', '19.00%', '77.40%', '17.00%', '18.40%', '11.20%', '304.07M', '204.75M', '3.40%', '4.44', '69.57', '59.07%', '-', '70.30%']
[['vih'], '262.24M', '-', '-', '6.39', '-', '-', '-', '-', '-', '-', '1.72', '291.38', '0.30', '0.30', '0.00', '-', '-', '-', '-', '-', '-', '-', '25.92M', '15.55M', '45.19%', '8.45', '-', '-20.86%', '-', '9.13%']
[['pmvc'], '213.99M', '0.40M', '-', '7.18', '-', '-', '-', '575.29', '-', '-', '1.36', '133.74', '12.00', '12.00', '0.00', '0.20%', '0.20%', '-', '-', '-', '-', '0.00%', '21.88M', '13.12M', '0.11%', '0.48', '-', '-4.49%', '-', '-3.65%']
[['atha'], '420.31M', '-39.00M', '-', '9.42', '-', '-', '20', '-', '-', '-', '1.17', '1.48', '38.10', '38.10', '0.00', '-12.20%', '-12.50%', '-', '-', '-', '-', '-', '37.22M', '35.52M', '3.48%', '0.98', '-', '-45.60%', '-', '-67.88%']
[['vtru'], '386.25M', '-', '541.28M', '8.38', '-', '-', '6174', '-', '2.98', '0.71', '2.00', '3.27', '1.90', '1.90', '0.44', '-', '-', '5.60%', '-', '-', '-', '-', '23.06M', '21.61M', '0.03%', '0.67', '-', '17.96%', '-', '13.56%']
[['u'], '38.36B', '-484.00M', '929.50M', '7.03', '-', '-', '4613', '-', '-', '41.27', '19.38', '24.14', '3.60', '3.60', '0.00', '-18.30%', '-23.90%', '-13.60%', '76.70%', '-51.90%', '-52.10%', '-', '280.37M', '219.31M', '4.74%', '3.25', '130.23', '38.97%', '-', '-11.21%']
[['cmps'], '1.43B', '-65.70M', '-', '8.22', '-', '-', '61', '-', '-', '-', '4.18', '4.51', '42.80', '42.80', '0.00', '-27.90%', '-28.70%', '-', '-', '-', '-', '-', '39.80M', '6.70M', '9.39%', '1.55', '-', '-22.42%', '-', '-27.94%']
[['sumo'], '2.36B', '-83.60M', '209.70M', '4.08', '-', '-', '759', '-', '-', '11.25', '5.41', '8.12', '2.50', '2.50', '0.00', '-17.20%', '-31.90%', '-18.40%', '72.60%', '-38.50%', '-39.90%', '-', '104.03M', '103.75M', '5.51%', '4.43', '25.63', '-18.26%', '-', '-22.78%']
[['dyn'], '838.94M', '-97.50M', '-', '8.84', '-', '-', '71', '-', '-', '-', '1.84', '1.93', '31.70', '31.70', '0.00', '-23.00%', '-23.80%', '-', '-', '-', '-', '-', '51.22M', '49.76M', '4.46%', '8.86', '-', '4.16%', '-', '-22.43%']
[['bnl'], '4.40B', '68.10M', '330.50M', '17.48', '1.02', '3.70%', '71', '56.65', '41.61', '13.30', '1.58', '55.65', '-', '-', '0.58', '1.60%', '2.90%', '3.10%', '85.80%', '40.50%', '20.60%', '182.60%', '146.12M', '144.35M', '4.53%', '3.03', '26.29', '54.83%', '-', '40.91%']
[['ptve'], '2.36B', '-129.00M', '4.89B', '5.76', '0.40', '3.13%', '14600', '-', '7.68', '0.48', '2.22', '6.73', '1.20', '2.20', '3.85', '-1.80%', '-13.50%', '4.60%', '12.90%', '0.10%', '-2.70%', '-', '177.40M', '42.62M', '2.80%', '7.56', '16.00', '-14.33%', '-', '-29.49%']
[['amwl'], '2.57B', '-190.40M', '240.80M', '4.70', '-', '-', '812', '-', '-', '10.67', '2.28', '2.64', '11.20', '11.30', '0.00', '-14.10%', '-15.70%', '-18.60%', '38.00%', '-79.00%', '-79.10%', '-', '249.37M', '135.30M', '11.80%', '5.31', '16.56', '-54.45%', '-', '-57.76%']
[['stwo'], '310.64M', '-', '-', '7.14', '-', '-', '2', '-', '-', '-', '1.39', '-', '0.50', '0.50', '0.00', '-', '-', '-', '-', '-', '-', '-', '31.25M', '25.00M', '1.08%', '3.17', '-', '-0.20%', '-', '-1.29%']
[['snow'], '91.61B', '-760.80M', '851.20M', '16.68', '-', '-', '2017', '-', '-', '107.62', '18.73', '22.15', '5.10', '5.10', '0.00', '-12.90%', '-15.30%', '-11.10%', '58.50%', '-91.10%', '-89.40%', '-', '297.72M', '281.04M', '4.22%', '2.82', '318.11', '35.85%', '-', '11.05%']
[['step'], '4.59B', '104.30M', '1.16B', '3.22', '0.28', '0.58%', '586', '43.70', '37.55', '3.94', '14.93', '20.99', '-', '-', '0.00', '8.80%', '50.90%', '-', '63.70%', '-', '9.00%', '6.40%', '94.82M', '39.90M', '1.68%', '2.00', '46.25', '55.01%', '-', '20.78%']
[['mtcr'], '81.09M', '-50.20M', '-', '2.40', '-', '-', '35', '-', '-', '-', '1.25', '1.08', '10.60', '10.60', '0.00', '-51.30%', '-61.40%', '-', '-', '-', '-', '-', '26.37M', '20.88M', '1.18%', '1.56', '-', '-67.14%', '-', '-61.96%']
[['frog'], '3.73B', '-30.00M', '175.30M', '6.00', '-', '-', '700', '-', '-', '21.27', '6.48', '6.06', '5.00', '5.00', '0.00', '-4.30%', '-5.40%', '-2.10%', '81.30%', '-21.80%', '-17.10%', '-', '93.67M', '64.32M', '10.29%', '6.95', '53.33', '-17.57%', '-', '-38.10%']
[['om'], '2.35B', '-134.60M', '79.10M', '9.44', '-', '-', '313', '-', '-', '29.71', '5.44', '5.93', '11.80', '12.60', '0.00', '-31.40%', '-37.90%', '-33.20%', '-4.30%', '-', '-', '-', '45.68M', '32.85M', '8.36%', '4.81', '63.00', '6.05%', '-', '-9.62%']
[['lspd'], '21.04B', '-192.70M', '378.30M', '19.87', '-', '-', '1800', '-', '-', '55.61', '5.99', '27.76', '4.90', '4.90', '0.03', '-9.10%', '-10.20%', '-6.20%', '53.60%', '-52.90%', '-50.90%', '-', '131.59M', '128.08M', '2.06%', '3.00', '-', '99.95%', '265.29%', '68.99%']
[['leap'], '585.13M', '-', '-', '6.96', '-', '-', '2', '-', '-', '-', '1.44', '585.13', '15.50', '15.50', '0.00', '-', '-', '-', '-', '-', '-', '-', '45.73M', '24.00M', '0.09%', '0.32', '16.63', '-16.33%', '-', '-22.71%']
[['crhc'], '1.01B', '-', '-', '7.26', '-', '-', '1', '-', '-', '-', '1.35', '10132.22', '0.30', '0.30', '0.00', '-', '-', '-', '-', '-', '-', '-', '103.50M', '82.80M', '0.50%', '1.79', '-', '-2.97%', '-', '-5.86%']
[['prfx'], '31.04M', '-', '-', '2.25', '-', '-', '1', '-', '-', '-', '1.27', '1.60', '28.80', '28.80', '0.00', '-', '-', '-', '-', '-', '-', '-', '9.05M', '8.16M', '6.03%', '0.31', '-', '-46.93%', '-56.15%', '-36.24%']
[['auvi'], '63.01M', '-6.20M', '7.00M', '1.52', '-', '-', '37', '-', '-', '9.00', '4.41', '9.00', '2.50', '2.60', '0.03', '-41.70%', '-54.80%', '-33.10%', '26.80%', '-84.00%', '-89.00%', '-', '9.41M', '4.17M', '0.98%', '0.11', '-', '-22.34%', '17.72%', '46.19%']
[['hcdi'], '43.28M', '-3.00M', '60.10M', '2.18', '-', '-', '40', '-', '-', '0.72', '1.33', '3.38', '-', '-', '1.33', '-4.80%', '-14.60%', '-10.00%', '8.20%', '-3.40%', '-4.90%', '-', '14.89M', '11.43M', '9.52%', '3.40', '-', '-6.01%', '-48.76%', '-33.60%']
[['gp'], '280.80M', '-', '8.15M', '-', '-', '-', '-', '-', '-', '34.46', '-', '-', '-', '-', '-', '-', '-', '-', '-', '-', '-', '-', '20.89M', '14.06M', '5.31%', '4.64', '-', '-44.23%', '-1.39%', '-53.83%']
[['xpev'], '36.68B', '-742.60M', '1.79B', '6.29', '-', '-', '5084', '-', '-', '20.49', '6.64', '8.03', '3.60', '3.90', '0.05', '-11.60%', '-15.90%', '-11.80%', '10.50%', '-45.10%', '-41.50%', '-', '796.19M', '378.15M', '3.46%', '0.97', '-', '39.37%', '119.50%', '-2.47%']
[['btaq'], '438.76M', '0.50M', '-', '7.20', '-', '-', '-', '283.43', '-', '-', '1.38', '626.80', '1.90', '1.90', '0.00', '0.10%', '0.20%', '-', '-', '-', '-', '0.00%', '44.19M', '25.54M', '1.15%', '2.58', '-', '-1.00%', '-', '-4.71%']
[['nnox'], '1.16B', '-56.30M', '-', '4.55', '-', '-', '40', '-', '-', '-', '5.33', '7.59', '28.90', '28.90', '0.00', '-23.70%', '-24.70%', '-', '-', '-', '-', '-', '47.76M', '36.87M', '13.07%', '4.51', '42.25', '-39.69%', '-33.38%', '-46.89%']
[['hzac'], '680.05M', '-', '-', '7.40', '-', '-', '-', '-', '43.92', '-', '1.35', '850.07', '0.90', '0.90', '0.00', '-', '-', '-', '-', '-', '-', '-', '68.00M', '25.20M', '0.23%', '0.27', '-', '-1.38%', '-', '-0.50%']
[['fst'], '314.62M', '-39.20M', '-', '5.71', '-', '-', '-', '-', '-', '-', '2.19', '786.55', '0.30', '0.30', '0.00', '-19.50%', '-24.20%', '-', '-', '-', '-', '-', '25.00M', '15.00M', '9.86%', '13.35', '-', '9.96%', '-', '21.87%']
[['kymr'], '3.26B', '-58.40M', '64.50M', '5.72', '-', '-', '112', '-', '-', '50.58', '11.06', '9.09', '3.40', '3.40', '0.01', '-12.30%', '-21.00%', '-16.20%', '-', '-91.10%', '-90.50%', '-', '45.09M', '28.30M', '7.07%', '4.20', '76.29', '16.04%', '114.01%', '2.00%']
[['hrmy'], '2.09B', '17.20M', '235.40M', '2.22', '-', '-', '150', '129.90', '14.32', '8.86', '17.03', '13.07', '5.50', '5.60', '1.55', '4.80%', '16.10%', '-1.90%', '82.60%', '23.80%', '7.30%', '0.00%', '56.94M', '46.12M', '2.35%', '3.92', '51.33', '11.83%', '-8.67%', '4.56%']
[['inbx'], '1.20B', '-78.10M', '10.50M', '1.17', '-', '-', '91', '-', '-', '114.40', '27.85', '9.56', '6.10', '6.10', '0.00', '-56.50%', '-114.90%', '-64.40%', '-', '-', '-', '-', '37.82M', '22.74M', '4.48%', '4.97', '40.50', '38.46%', '82.11%', '-1.18%']
[['cvac'], '13.17B', '-', '51.80M', '-', '-', '-', '500', '-', '8.53', '254.15', '-', '-', '-', '-', '-', '-', '-', '-14.20%', '-', '-', '-', '-', '192.19M', '82.26M', '5.53%', '3.57', '61.81', '-19.22%', '7.96%', '-15.51%']
[['dct'], '6.33B', '-32.90M', '247.80M', '5.59', '-', '-', '1405', '-', '797.70', '25.53', '8.70', '17.38', '5.50', '5.50', '0.00', '-', '-', '-4.10%', '55.60%', '-', '-', '-', '130.98M', '95.47M', '3.90%', '7.88', '51.20', '7.49%', '32.88%', '12.38%']
[['beke'], '28.33B', '417.00M', '13.65B', '9.16', '-', '-', '119658', '54.59', '28.91', '2.08', '2.40', '3.78', '2.50', '2.50', '0.01', '2.60%', '4.20%', '1.80%', '22.70%', '3.80%', '3.10%', '0.00%', '1.17B', '877.30M', '1.88%', '1.47', '-', '-59.07%', '-51.58%', '-64.25%']
[['ntst'], '1.04B', '0.30M', '46.80M', '17.98', '0.80', '3.04%', '19', '1095.00', '86.16', '22.15', '1.46', '11.76', '-', '-', '0.00', '0.00%', '0.10%', '-0.90%', '91.20%', '-11.30%', '0.60%', '-', '38.02M', '33.04M', '3.38%', '2.92', '27.61', '48.73%', '43.06%', '34.84%']
[['rbac'], '704.42M', '8.30M', '-', '7.29', '-', '-', '-', '60.12', '-', '-', '1.34', '541.86', '0.80', '0.80', '0.00', '1.40%', '1.60%', '-', '-', '-', '-', '0.00%', '71.88M', '43.12M', '1.31%', '3.16', '-', '-2.97%', '-', '-10.01%']
[['kbnt'], '49.34M', '-11.50M', '2.60M', '2.27', '-', '-', '13', '-', '-', '18.98', '1.52', '1.62', '16.50', '16.50', '0.01', '-43.40%', '-47.80%', '-18.20%', '14.40%', '-', '-', '-', '13.98M', '10.18M', '2.87%', '2.13', '-', '-48.89%', '-15.44%', '-38.17%']
[['ibex'], '322.73M', '-5.00M', '435.70M', '4.20', '-', '-', '22500', '-', '12.90', '0.74', '4.31', '5.16', '1.40', '1.40', '1.46', '-2.00%', '-8.30%', '14.10%', '-', '1.60%', '-1.10%', '-', '18.08M', '5.61M', '1.01%', '2.23', '26.40', '-17.40%', '48.04%', '-3.26%']
[['frln'], '150.52M', '-', '-', '5.20', '-', '-', '236', '-', '-', '-', '0.78', '0.91', '12.20', '12.20', '1.00', '-', '-', '-', '-', '-', '-', '-', '35.68M', '34.70M', '0.27%', '0.22', '-', '-72.28%', '-75.06%', '-77.93%']
[['cmpi'], '126.25M', '-55.40M', '-', '4.39', '-', '-', '25', '-', '-', '-', '1.31', '1.48', '13.60', '13.60', '0.00', '-44.50%', '-47.40%', '-', '-', '-', '-', '-', '21.62M', '19.27M', '0.68%', '2.38', '-', '-60.80%', '-53.13%', '-60.45%']
[['afib'], '426.97M', '-118.60M', '14.00M', '2.69', '-', '-', '291', '-', '-', '30.50', '4.64', '5.27', '4.90', '5.70', '0.59', '-67.00%', '-104.20%', '-52.20%', '-74.30%', '-', '-', '-', '28.15M', '15.52M', '12.71%', '5.79', '20.67', '-25.99%', '-62.84%', '-56.72%']
[['rkt'], '34.34B', '382.90M', '16.87B', '4.60', '-', '-', '20000', '5.79', '11.19', '2.04', '3.71', '17.39', '-', '-', '40.29', '1.10%', '76.50%', '38.10%', '-', '66.00%', '2.30%', '0.00%', '136.47M', '126.30M', '11.53%', '2.36', '19.23', '-33.07%', '-27.35%', '-11.72%']
[['osh'], '12.33B', '-313.00M', '1.12B', '0.98', '-', '-', '3200', '-', '-', '11.05', '52.80', '11.43', '3.40', '3.40', '0.00', '-25.10%', '-91.60%', '-44.10%', '5.70%', '-27.70%', '-28.00%', '-', '221.17M', '214.16M', '7.27%', '11.81', '65.58', '-2.84%', '12.16%', '-15.40%']
[['rxt'], '2.95B', '-265.60M', '2.87B', '6.65', '-', '-', '7200', '-', '13.26', '1.03', '2.15', '13.74', '1.10', '1.10', '2.82', '-4.10%', '-19.20%', '0.30%', '33.60%', '-3.50%', '-9.30%', '-', '207.90M', '205.92M', '4.83%', '9.05', '20.89', '-30.38%', '-27.18%', '-25.08%']
[['goac'], '704.33M', '1.20M', '-', '7.30', '-', '-', '-', '362.96', '-', '-', '1.34', '704.33', '2.40', '2.40', '0.00', '0.20%', '0.20%', '-', '-', '-', '-', '0.00%', '71.88M', '43.12M', '0.29%', '2.52', '-', '-2.49%', '-', '-3.83%']
[['bigc'], '4.47B', '-43.10M', '178.60M', '2.99', '-', '-', '813', '-', '-', '25.01', '20.89', '21.97', '5.70', '5.70', '0.00', '-16.50%', '-21.50%', '-17.90%', '78.60%', '-25.00%', '-24.10%', '-', '70.62M', '58.91M', '13.22%', '6.46', '74.64', '4.57%', '-41.61%', '-2.62%']
[['yac'], '428.26M', '-1.20M', '-', '7.08', '-', '-', '30', '-', '-', '-', '1.39', '856.52', '0.20', '0.20', '0.00', '-0.30%', '-0.40%', '-', '-', '-', '-', '-', '43.12M', '25.88M', '0.03%', '0.07', '-', '-1.40%', '-', '-2.28%']
[['hsaq'], '201.38M', '-0.40M', '-', '7.64', '-', '-', '-', '-', '-', '-', '1.28', '105.99', '10.30', '10.30', '0.00', '-0.20%', '-0.20%', '-', '-', '-', '-', '-', '20.45M', '15.97M', '0.00%', '0.00', '-', '-14.35%', '-12.59%', '-23.58%']
[['vsta'], '463.19M', '-16.60M', '175.00M', '10.99', '-', '-', '1960', '-', '2.44', '2.65', '0.51', '5.77', '1.30', '1.80', '0.14', '-1.30%', '-1.80%', '0.90%', '62.10%', '-7.30%', '-9.50%', '-', '83.07M', '18.57M', '3.88%', '9.91', '-', '-55.14%', '-63.75%', '-61.45%']
[['goed'], '328.71M', '-16.30M', '107.90M', '5.43', '-', '-', '102', '-', '3.44', '3.05', '0.58', '7.27', '0.90', '1.20', '0.29', '-14.70%', '-39.10%', '172.00%', '17.40%', '-18.90%', '-15.10%', '-', '105.02M', '101.99M', '7.61%', '0.81', '-', '-71.67%', '-55.98%', '-62.83%']
[['vitl'], '712.98M', '8.30M', '226.20M', '3.82', '-', '-', '215', '91.40', '326.92', '3.15', '4.45', '19.11', '4.80', '5.30', '0.00', '4.70%', '5.70%', '6.60%', '35.00%', '2.80%', '3.70%', '0.00%', '40.00M', '27.32M', '15.10%', '13.14', '25.50', '-37.45%', '-54.02%', '-32.83%']
[['etac'], '743.67M', '2.20M', '-', '7.33', '-', '-', '-', '349.29', '-', '-', '1.33', '1062.39', '3.70', '3.70', '0.00', '0.40%', '0.40%', '-', '-', '-', '-', '0.00%', '76.20M', '61.20M', '0.29%', '1.40', '-', '-1.81%', '-', '-4.40%']
[['fthm'], '430.51M', '-6.90M', '243.10M', '3.67', '-', '-', '38', '-', '-', '1.77', '7.83', '33.63', '1.30', '1.30', '0.20', '-14.80%', '-19.90%', '-4.20%', '6.10%', '-4.00%', '-2.90%', '-', '14.05M', '4.52M', '19.17%', '19.83', '-', '-7.32%', '71.67%', '-20.31%']
[['prpb'], '1.06B', '-22.20M', '-', '6.75', '-', '-', '-', '-', '-', '-', '1.45', '2658.25', '0.70', '0.70', '0.00', '-2.70%', '-3.00%', '-', '-', '-', '-', '-', '108.50M', '57.10M', '0.91%', '2.17', '-', '-3.83%', '-', '-5.77%']
[['li'], '32.08B', '-125.20M', '2.37B', '5.03', '-', '-', '4181', '-', '83.76', '13.56', '6.16', '5.95', '5.00', '5.20', '0.25', '-2.20%', '-3.00%', '-2.10%', '18.30%', '-7.90%', '-5.30%', '-', '905.05M', '216.28M', '14.56%', '2.47', '-', '34.27%', '84.14%', '7.49%']
[['alvr'], '1.34B', '-117.30M', '-', '4.85', '-', '-', '53', '-', '-', '-', '4.27', '4.27', '15.30', '15.30', '0.00', '-32.50%', '-34.50%', '-', '-', '-', '-', '-', '62.34M', '31.64M', '13.19%', '17.99', '-', '-33.49%', '-16.39%', '-46.12%']
[['verx'], '2.92B', '-17.70M', '397.30M', '1.54', '-', '-', '1200', '-', '78.45', '7.34', '12.79', '28.71', '0.70', '0.70', '0.00', '-3.20%', '-7.90%', '-33.50%', '60.10%', '-11.80%', '-4.50%', '-', '147.53M', '39.03M', '3.20%', '7.27', '26.00', '-37.03%', '-17.96%', '-43.50%']
[['acev'], '284.43M', '-21.80M', '-', '6.41', '-', '-', '-', '-', '-', '-', '1.54', '-', '0.10', '0.10', '0.00', '-9.40%', '-11.00%', '-', '-', '-', '-', '-', '28.75M', '11.50M', '4.87%', '1.68', '-', '-6.60%', '-', '-3.13%']
[['nrix'], '1.49B', '-89.10M', '22.90M', '9.09', '-', '-', '135', '-', '-', '64.86', '3.88', '3.85', '8.50', '8.50', '0.00', '-20.70%', '-28.10%', '-15.30%', '-', '-', '-', '-', '43.80M', '43.30M', '8.05%', '8.05', '49.17', '-9.87%', '39.36%', '7.15%']
[['itos'], '1.05B', '-66.50M', '-', '8.24', '-', '-', '78', '-', '-', '-', '3.53', '3.48', '14.90', '14.90', '0.00', '-19.80%', '-21.10%', '-', '-', '-', '-', '-', '35.12M', '34.96M', '2.80%', '2.22', '48.50', '-23.53%', '12.87%', '-13.90%']
[['inzy'], '402.42M', '-62.80M', '-', '5.89', '-', '-', '38', '-', '-', '-', '2.92', '2.93', '20.20', '20.20', '0.00', '-38.30%', '-41.00%', '-', '-', '-', '-', '-', '23.49M', '21.57M', '1.78%', '6.29', '-', '-14.61%', '-37.79%', '-16.72%']
[['annx'], '678.59M', '-102.50M', '-', '7.72', '-', '-', '17', '-', '-', '-', '2.29', '2.24', '29.60', '29.60', '0.00', '-29.40%', '-30.90%', '-', '-', '-', '-', '-', '38.28M', '36.19M', '3.94%', '9.46', '-', '-45.22%', '-29.49%', '-29.32%']
[['meg'], '1.37B', '-102.10M', '463.50M', '5.34', '-', '-', '2000', '-', '622.26', '2.95', '9.79', '34.03', '1.60', '1.60', '1.76', '-16.30%', '-75.20%', '-8.10%', '32.50%', '-4.60%', '-22.00%', '-', '26.06M', '23.17M', '3.64%', '6.35', '58.83', '27.46%', '80.62%', '68.83%']
[['edtk'], '19.90M', '3.50M', '29.20M', '3.78', '-', '-', '50', '4.25', '-', '0.68', '0.41', '-', '1.90', '1.90', '0.01', '6.60%', '9.90%', '6.70%', '49.60%', '22.60%', '12.00%', '0.00%', '12.06M', '7.05M', '4.18%', '0.96', '-', '-53.31%', '-57.65%', '-49.51%']
[['jamf'], '4.23B', '-35.10M', '313.80M', '6.82', '-', '-', '1496', '-', '150.41', '13.47', '5.32', '18.66', '1.40', '1.40', '0.00', '-3.20%', '-4.30%', '-1.40%', '78.10%', '-12.00%', '-11.20%', '-', '117.91M', '116.96M', '3.47%', '6.63', '44.20', '2.03%', '-1.12%', '21.16%']
[['psth'], '3.94B', '-451.00M', '-', '17.10', '-', '-', '4', '-', '-', '-', '1.15', '157.60', '1.40', '1.40', '0.00', '-11.20%', '-13.30%', '-', '-', '-', '-', '-', '200.00M', '200.00M', '0.27%', '0.17', '-', '-25.95%', '-', '-28.75%']
[['rnlx'], '948.29M', '-', '1.02M', '2.41', '-', '-', '17', '-', '-', '930.61', '10.17', '12.73', '21.20', '21.20', '0.01', '-', '-', '-', '-', '-', '-', '-', '36.02M', '5.91M', '6.55%', '4.26', '38.00', '-15.48%', '71.46%', '53.19%']
[['bli'], '2.52B', '-54.50M', '77.80M', '3.47', '-', '-', '230', '-', '-', '32.40', '10.76', '11.72', '8.80', '9.30', '0.08', '-18.20%', '-22.50%', '-15.30%', '67.80%', '-68.20%', '-70.00%', '-', '66.79M', '55.24M', '7.44%', '4.62', '-', '-29.94%', '-40.14%', '-58.23%']
[['alxo'], '3.05B', '-60.00M', '0.53M', '10.06', '-', '-', '29', '-', '-', '5781.16', '7.44', '7.43', '29.50', '29.50', '0.00', '-15.50%', '-15.90%', '-10.40%', '-', '-', '-', '-', '40.25M', '24.87M', '9.87%', '8.51', '97.29', '1.74%', '74.04%', '-13.20%']
[['tig'], '538.25M', '89.00M', '165.90M', '8.16', '-', '-', '334', '5.92', '10.98', '3.24', '1.31', '5.31', '-', '-', '0.07', '6.50%', '21.70%', '17.60%', '-', '52.00%', '53.60%', '0.00%', '51.15M', '12.36M', '2.89%', '1.97', '17.67', '-36.91%', '-21.11%', '-18.70%']
[['rlay'], '3.33B', '-414.20M', '84.50M', '6.73', '-', '-', '203', '-', '-', '39.44', '5.03', '4.96', '26.80', '26.80', '0.00', '-54.50%', '-58.60%', '-7.30%', '-', '-', '-', '-', '91.94M', '88.89M', '11.74%', '20.42', '54.33', '-6.73%', '-4.25%', '-18.60%']
[['goco'], '1.56B', '-32.90M', '1.01B', '1.47', '-', '-', '3067', '-', '6.19', '1.55', '3.48', '13.84', '2.60', '2.60', '0.89', '-1.60%', '-8.00%', '-8.30%', '79.60%', '-8.50%', '-3.30%', '-', '320.81M', '73.29M', '7.29%', '1.89', '-', '-51.00%', '-61.76%', '-62.52%']
[['deh'], '429.94M', '-33.60M', '-', '6.51', '-', '-', '-', '-', '-', '-', '1.53', '2149.69', '0.10', '0.10', '0.00', '-9.70%', '-11.00%', '-', '-', '-', '-', '-', '43.12M', '34.50M', '3.26%', '2.79', '-', '-0.99%', '2.36%', '-1.77%']
[['mlac'], '178.12M', '-7.30M', '-', '8.88', '-', '-', '-', '-', '-', '-', '1.11', '890.59', '0.00', '0.00', '0.00', '-5.10%', '-5.60%', '-', '-', '-', '-', '-', '14.38M', '14.38M', '0.27%', '0.91', '-', '-0.60%', '-', '-0.20%']
[['ncno'], '6.97B', '-49.80M', '239.70M', '4.50', '-', '-', '1115', '-', '-', '29.07', '16.70', '178.22', '3.30', '3.30', '0.04', '-7.30%', '-9.50%', '-9.80%', '58.50%', '-17.80%', '-16.90%', '-', '94.40M', '92.74M', '4.46%', '6.17', '85.63', '6.84%', '-5.20%', '3.77%']
[['ptk'], '130.01M', '-3.30M', '-', '7.19', '-', '-', '-', '-', '-', '-', '1.38', '1300.12', '0.00', '0.00', '0.00', '-3.90%', '-4.20%', '-', '-', '-', '-', '-', '14.38M', '9.92M', '0.37%', '1.87', '-', '-0.25%', '-', '-1.82%']
[['iva'], '540.05M', '-', '4.54M', '-', '-', '-', '95', '-', '-', '118.85', '-', '-', '-', '-', '-', '-', '-', '-', '-', '-', '-', '-', '38.63M', '10.21M', '1.78%', '17.58', '-', '3.17%', '19.69%', '-3.59%']
[['qh'], '145.07M', '-', '2.58B', '1.75', '-', '-', '708', '-', '8.98', '0.06', '1.67', '3.89', '1.30', '1.30', '0.29', '-', '-', '-7.30%', '-', '-', '-', '-', '43.63M', '39.80M', '0.04%', '0.20', '-', '-50.51%', '-57.31%', '-61.27%']
[['pstx'], '530.64M', '-154.60M', '-', '3.00', '-', '-', '220', '-', '-', '-', '2.76', '2.24', '7.50', '7.50', '0.00', '-43.90%', '-63.60%', '-', '-', '-', '-', '-', '62.15M', '37.21M', '4.61%', '8.96', '-', '-18.41%', '-10.86%', '-24.43%']
[['nktx'], '1.07B', '-72.50M', '-', '8.78', '-', '-', '116', '-', '-', '-', '3.29', '3.83', '27.70', '27.70', '0.00', '-21.90%', '-23.20%', '-', '-', '-', '-', '-', '32.83M', '29.32M', '6.23%', '6.84', '-', '-35.14%', '4.56%', '-52.97%']
[['blct'], '130.92M', '-23.40M', '176.50M', '2.78', '-', '-', '755', '-', '-', '0.74', '1.21', '1.86', '3.40', '3.40', '0.00', '-16.60%', '-20.40%', '-30.80%', '30.80%', '-27.00%', '-13.30%', '-', '36.89M', '13.85M', '1.72%', '1.23', '-', '-68.71%', '-71.56%', '-66.63%']
[['accd'], '3.25B', '-85.40M', '194.00M', '15.28', '-', '-', '1720', '-', '-', '16.74', '3.15', '7.49', '5.70', '5.70', '0.00', '-14.50%', '-27.30%', '-12.00%', '44.70%', '-22.30%', '-24.80%', '-', '66.07M', '57.67M', '4.56%', '5.61', '63.00', '10.30%', '47.48%', '10.53%']
[['cpsr'], '342.53M', '-4.70M', '-', '7.13', '-', '-', '-', '-', '-', '-', '1.39', '428.17', '0.40', '0.40', '0.00', '-1.70%', '-1.90%', '-', '-', '-', '-', '-', '34.50M', '20.70M', '1.11%', '2.82', '-', '-0.50%', '1.17%', '-2.07%']
[['lmnd'], '4.85B', '-169.40M', '90.00M', '17.93', '-', '-', '567', '-', '-', '53.91', '4.29', '4.44', '-', '-', '0.00', '-14.70%', '-20.20%', '-22.60%', '-', '-', '-', '-', '61.45M', '39.91M', '22.55%', '6.21', '78.50', '-17.81%', '62.60%', '-37.26%']
[['dnb'], '7.99B', '-91.40M', '1.95B', '8.37', '-', '-', '4039', '-', '15.91', '4.10', '2.18', '44.97', '0.60', '0.60', '1.00', '-0.90%', '-2.40%', '1.70%', '69.40%', '5.50%', '-4.50%', '-', '428.90M', '334.83M', '1.80%', '3.14', '27.50', '-18.28%', '-25.87%', '-26.59%']
[['gsah'], '935.70M', '-44.20M', '-', '6.97', '-', '-', '-', '-', '-', '-', '1.44', '1169.62', '0.00', '0.00', '0.00', '-5.90%', '-6.60%', '-', '-', '-', '-', '-', '93.75M', '75.00M', '0.36%', '0.20', '-', '-8.74%', '-3.00%', '-7.98%']
[['adtx'], '36.70M', '-14.30M', '-', '-', '-', '-', '43', '-', '1.98', '-', '-', '4.27', '1.90', '1.90', '0.60', '-', '-', '-', '-', '-', '-', '-', '20.62M', '18.07M', '3.30%', '0.19', '-', '-38.83%', '-24.58%', '-14.42%']
[['pypd'], '155.00M', '-33.20M', '-', '3.03', '-', '-', '57', '-', '-', '-', '2.71', '3.24', '11.40', '11.40', '0.00', '-46.00%', '-48.20%', '-', '-', '-', '-', '-', '18.75M', '16.18M', '0.20%', '1.19', '-', '-21.13%', '-26.63%', '-17.07%']
[['api'], '3.82B', '-39.20M', '146.70M', '8.05', '-', '-', '842', '-', '-', '26.02', '4.11', '4.62', '9.30', '9.30', '0.00', '-4.60%', '-5.10%', '-0.90%', '60.40%', '-31.80%', '-26.70%', '-', '110.36M', '41.68M', '18.99%', '6.47', '42.11', '-44.50%', '-37.30%', '-16.38%']
[['aci'], '15.50B', '708.80M', '68.21B', '3.65', '0.40', '1.19%', '300000', '27.44', '15.22', '0.23', '9.18', '7.13', '0.50', '1.10', '4.92', '2.70%', '48.10%', '13.00%', '29.10%', '1.80%', '1.00%', '6.60%', '465.10M', '237.81M', '5.69%', '10.59', '26.17', '95.11%', '147.96%', '90.56%']
[['fusn'], '391.50M', '-67.80M', '0.50M', '6.20', '-', '-', '65', '-', '-', '783.01', '1.46', '2.19', '19.80', '19.80', '0.00', '-22.50%', '-23.70%', '-', '-', '-', '-', '-', '42.50M', '33.64M', '0.56%', '2.57', '-', '-17.88%', '-26.24%', '-22.98%']
[['ebon'], '350.81M', '-', '19.00M', '-', '-', '-', '205', '-', '-', '18.46', '-', '-', '-', '-', '-', '-', '-', '-', '-', '-', '-', '-', '139.21M', '129.34M', '9.32%', '2.65', '-', '-64.46%', '-66.13%', '-58.48%']
[['akus'], '463.26M', '-64.50M', '-', '8.05', '-', '-', '69', '-', '-', '-', '1.61', '1.71', '22.70', '22.70', '0.00', '-19.60%', '-21.40%', '-', '-', '-', '-', '-', '34.37M', '33.27M', '5.48%', '15.79', '-', '-31.32%', '-42.97%', '-34.54%']
[['fuse'], '437.98M', '-8.70M', '-', '8.59', '-', '-', '-', '-', '-', '-', '1.16', '-', '0.50', '0.50', '0.00', '-2.50%', '-2.90%', '-', '-', '-', '-', '-', '35.00M', '26.25M', '14.05%', '14.37', '-', '-6.47%', '1.73%', '-11.77%']
[['brli'], '61.66M', '-', '-', '-', '-', '-', '-', '-', '-', '-', '-', '-', '-', '-', '-', '-', '-', '-', '-', '-', '-', '-', '6.11M', '-', '-', '1.76', '-', '-1.56%', '-', '0.80%']
[['fmtx'], '1.22B', '-135.80M', '-', '12.24', '-', '-', '139', '-', '-', '-', '2.00', '2.27', '17.90', '17.90', '0.00', '-22.70%', '-24.00%', '-', '-', '-', '-', '-', '47.34M', '43.72M', '8.24%', '11.81', '-', '-23.44%', '-37.97%', '-29.80%']
[['nuze'], '50.10M', '-16.10M', '1.70M', '0.79', '-', '-', '17', '-', '-', '29.47', '3.59', '3.94', '15.10', '15.60', '0.01', '-129.20%', '-147.50%', '-141.40%', '-1.80%', '-', '-', '-', '17.82M', '11.50M', '0.71%', '1.01', '-', '-48.64%', '-82.99%', '-73.21%']
[['rptx'], '1.19B', '-76.70M', '0.60M', '6.62', '-', '-', '117', '-', '-', '1984.23', '4.73', '4.05', '13.30', '13.30', '0.00', '-22.10%', '-27.90%', '-18.50%', '-', '-', '-', '-', '37.04M', '36.61M', '2.66%', '7.25', '46.71', '16.21%', '15.61%', '-8.66%']
[['prog'], '119.82M', '-181.50M', '40.80M', '-2.18', '-', '-', '511', '-', '-', '2.94', '-', '1.82', '-', '1.30', '-', '-178.60%', '215.80%', '-285.10%', '-10.20%', '-', '-', '-', '63.94M', '20.98M', '16.13%', '0.60', '-', '-74.52%', '-87.98%', '-79.85%']
[['gth'], '1.34B', '-50.50M', '74.10M', '2.50', '-', '-', '799', '-', '-', '18.11', '6.00', '7.17', '7.30', '7.50', '0.06', '-16.60%', '-19.70%', '-14.80%', '63.30%', '-74.70%', '-68.10%', '-', '91.98M', '27.26M', '1.63%', '1.60', '-', '-29.74%', '27.23%', '7.14%']
[['treb'], '640.48M', '-12.00M', '-', '8.77', '-', '-', '-', '-', '-', '-', '1.13', '6404.83', '0.20', '0.20', '0.00', '-2.30%', '-2.60%', '-', '-', '-', '-', '-', '51.75M', '38.81M', '0.21%', '0.19', '-', '-3.03%', '-1.54%', '-8.16%']
[['rprx'], '23.67B', '971.60M', '2.24B', '14.05', '0.68', '1.74%', '51', '15.75', '12.63', '10.57', '2.77', '8.93', '9.50', '9.50', '0.00', '6.00%', '19.50%', '14.70%', '-', '79.00%', '43.40%', '25.90%', '408.13M', '176.75M', '4.29%', '3.30', '51.50', '-15.33%', '-2.01%', '-22.12%']
[['rna'], '1.00B', '-77.90M', '9.20M', '7.04', '-', '-', '71', '-', '-', '108.77', '3.10', '3.58', '17.60', '17.60', '0.00', '-24.20%', '-26.50%', '-14.50%', '-', '-', '-', '-', '37.58M', '24.88M', '25.28%', '19.48', '-', '-9.57%', '-23.97%', '-14.50%']
[['pcvx'], '1.40B', '-86.70M', '-', '6.15', '-', '-', '58', '-', '-', '-', '4.21', '4.80', '7.40', '7.40', '0.00', '-22.60%', '-25.60%', '-', '-', '-', '-', '-', '51.51M', '43.54M', '6.53%', '13.30', '-', '4.56%', '-33.33%', '-2.52%']
[['gbio'], '1.53B', '-101.40M', '-', '7.70', '-', '-', '100', '-', '-', '-', '3.33', '3.60', '31.10', '31.10', '0.00', '-25.20%', '-28.00%', '-', '-', '-', '-', '-', '56.32M', '51.86M', '12.93%', '20.43', '39.80', '-27.04%', '-14.28%', '-9.59%']
[['bnr'], '2.00B', '-102.00M', '75.80M', '3.23', '-', '-', '938', '-', '-', '26.42', '6.15', '6.85', '6.90', '7.30', '0.02', '-24.70%', '-27.80%', '-16.70%', '73.10%', '-', '-', '-', '104.09M', '75.62M', '1.66%', '4.93', '-', '-39.96%', '1.53%', '-14.07%']
[['azek'], '6.41B', '-9.80M', '1.10B', '8.98', '-', '-', '1663', '-', '34.93', '5.84', '4.51', '29.07', '2.30', '3.60', '0.34', '-0.50%', '-0.70%', '-2.90%', '33.60%', '2.70%', '-0.90%', '-', '153.85M', '149.93M', '2.26%', '2.92', '52.86', '-5.82%', '6.36%', '5.28%']
[['ltrn'], '150.40M', '-9.40M', '-', '7.12', '-', '-', '11', '-', '-', '-', '2.01', '1.89', '30.60', '30.60', '0.00', '-18.00%', '-18.50%', '-', '-', '-', '-', '-', '11.18M', '9.04M', '2.98%', '3.41', '-', '-10.45%', '0.77%', '-25.66%']
[['ucl'], '208.55M', '-45.60M', '72.00M', '1.44', '-', '-', '578', '-', '-', '2.90', '5.13', '6.23', '1.20', '1.40', '0.12', '-48.60%', '-87.40%', '-105.10%', '30.40%', '-63.20%', '-63.40%', '-', '28.33M', '0.34M', '0.05%', '0.00', '-', '-28.94%', '-46.04%', '-29.89%']
[['vrm'], '3.65B', '-241.50M', '2.08B', '8.33', '-', '-', '944', '-', '-', '1.75', '3.21', '2.49', '2.50', '3.30', '0.86', '-12.90%', '-20.00%', '-11.50%', '7.00%', '-11.30%', '-11.60%', '-', '136.51M', '107.78M', '12.27%', '6.61', '-', '-21.98%', '-54.00%', '-34.83%']
[['four'], '7.26B', '30.40M', '1.02B', '3.55', '-', '-', '1305', '228.20', '72.92', '7.15', '24.30', '10.38', '5.40', '5.40', '3.79', '1.90%', '8.60%', '-4.90%', '22.70%', '-5.60%', '3.00%', '0.00%', '82.90M', '39.93M', '16.60%', '6.77', '107.78', '6.68%', '74.16%', '14.40%']
[['calt'], '765.85M', '-', '-', '-', '-', '-', '54', '-', '-', '-', '-', '-', '-', '-', '-', '-', '-', '-', '-', '-', '-', '-', '24.97M', '15.27M', '0.25%', '1.69', '51.40', '6.09%', '36.49%', '-8.77%']
[['dada'], '6.14B', '-355.60M', '977.90M', '4.15', '-', '-', '2440', '-', '-', '6.28', '6.36', '7.28', '3.20', '3.20', '0.08', '-29.30%', '-39.20%', '-23.10%', '18.40%', '-35.10%', '-36.40%', '-', '237.56M', '230.13M', '1.30%', '2.49', '-', '-19.21%', '12.62%', '-27.64%']
[['amti'], '1.23B', '-80.00M', '-', '5.46', '-', '-', '100', '-', '-', '-', '5.44', '6.14', '25.30', '25.30', '0.00', '-49.30%', '-53.10%', '-', '-', '-', '-', '-', '38.13M', '29.43M', '10.48%', '14.24', '-', '-54.08%', '17.47%', '-3.41%']
[['legn'], '6.09B', '-296.90M', '86.40M', '2.45', '-', '-', '882', '-', '-', '70.47', '16.38', '8.79', '2.80', '2.80', '0.06', '-40.70%', '-102.20%', '-107.50%', '-', '-', '-', '-', '138.51M', '127.35M', '1.15%', '3.75', '52.75', '63.13%', '35.71%', '42.51%']
[['zi'], '25.84B', '42.90M', '590.40M', '3.23', '-', '-', '1747', '262.44', '98.61', '43.76', '20.64', '64.64', '1.40', '1.40', '0.00', '1.80%', '8.40%', '1.40%', '81.30%', '18.80%', '7.30%', '0.00%', '190.60M', '159.96M', '4.70%', '2.28', '71.13', '41.20%', '104.42%', '38.21%']
[['plrx'], '693.98M', '-81.20M', '13.20M', '6.83', '-', '-', '78', '-', '-', '52.57', '2.81', '2.84', '22.90', '22.90', '0.00', '-28.50%', '-29.80%', '-14.70%', '-', '-', '-', '-', '35.75M', '32.54M', '5.76%', '19.00', '-', '-49.74%', '-17.73%', '-15.67%']
[['wmg'], '20.00B', '271.00M', '5.05B', '0.16', '0.60', '1.56%', '5500', '73.09', '37.73', '3.96', '240.75', '45.24', '0.60', '0.60', '41.57', '4.00%', '-', '-9.40%', '48.60%', '10.90%', '5.40%', '91.10%', '514.35M', '94.49M', '4.82%', '8.61', '41.93', '10.21%', '32.42%', '1.40%']
[['nari'], '4.09B', '25.00M', '208.20M', '4.47', '-', '-', '456', '183.71', '229.89', '19.63', '18.41', '23.23', '6.70', '7.20', '0.00', '11.00%', '12.10%', '8.90%', '92.10%', '12.20%', '12.00%', '0.00%', '49.67M', '38.74M', '3.03%', '2.17', '119.67', '-17.15%', '15.64%', '-5.72%']
[['slqt'], '1.90B', '131.00M', '937.80M', '4.13', '-', '-', '1944', '15.84', '8.55', '2.03', '3.03', '6.64', '4.50', '4.50', '0.68', '10.00%', '20.80%', '14.10%', '71.10%', '20.80%', '14.00%', '0.00%', '163.44M', '103.78M', '4.83%', '2.05', '-', '-51.13%', '-35.58%', '-39.61%']
[['adct'], '2.22B', '-200.40M', '3.80M', '3.88', '-', '-', '208', '-', '-', '584.68', '6.95', '5.80', '9.50', '9.50', '0.16', '-52.70%', '-81.70%', '-', '96.80%', '-', '-', '-', '76.72M', '37.32M', '15.36%', '20.08', '44.50', '4.53%', '-26.96%', '-15.71%']
[['kc'], '7.77B', '-126.00M', '1.18B', '5.39', '-', '-', '2166', '-', '-', '6.56', '6.49', '9.16', '2.40', '2.40', '0.09', '-6.80%', '-10.00%', '-14.20%', '5.80%', '-15.20%', '-10.70%', '-', '223.41M', '93.01M', '6.43%', '3.45', '-', '-30.95%', '5.46%', '-19.72%']
[['cleu'], '42.54M', '1.20M', '5.00M', '1.84', '-', '-', '80', '17.82', '-', '8.51', '1.82', '8.51', '10.90', '11.10', '0.00', '-', '-', '9.80%', '57.10%', '-', '-', '-', '12.33M', '8.90M', '5.87%', '0.56', '-', '-8.72%', '-50.07%', '-13.21%']
[['ayla'], '173.56M', '-37.20M', '3.40M', '2.97', '-', '-', '34', '-', '-', '51.05', '4.48', '3.91', '9.00', '9.00', '0.00', '-72.00%', '-82.30%', '-78.70%', '0.00%', '-', '-', '-', '14.42M', '6.06M', '2.33%', '4.77', '22.83', '0.53%', '51.36%', '21.09%']
[['soac'], '434.98M', '-21.50M', '-', '6.59', '-', '-', '3', '-', '-', '-', '1.77', '1449.95', '0.10', '0.10', '0.00', '-7.10%', '-8.30%', '-', '-', '-', '-', '-', '37.50M', '26.71M', '6.97%', '4.05', '-', '14.27%', '15.40%', '8.64%']
[['gan'], '758.08M', '-19.10M', '81.60M', '6.02', '-', '-', '242', '-', '-', '9.29', '2.98', '14.55', '-', '2.40', '0.00', '-', '-', '-12.70%', '70.50%', '-', '-', '-', '41.93M', '36.43M', '7.85%', '4.14', '24.00', '-29.46%', '-4.98%', '-11.59%']
[['lyra'], '107.61M', '-32.20M', '-', '4.43', '-', '-', '38', '-', '-', '-', '1.84', '1.56', '11.90', '11.90', '0.00', '-40.60%', '-45.90%', '-', '-', '-', '-', '-', '12.99M', '9.60M', '2.46%', '2.46', '-', '-44.08%', '-27.62%', '-28.38%']
[['oric'], '1.00B', '-91.30M', '-', '7.04', '-', '-', '70', '-', '-', '-', '3.54', '3.84', '26.80', '26.80', '0.00', '-35.00%', '-36.20%', '-', '-', '-', '-', '-', '36.70M', '25.42M', '13.18%', '15.68', '-', '-29.59%', '2.59%', '-26.32%']
[['kros'], '791.22M', '-53.20M', '0.10M', '10.11', '-', '-', '44', '-', '-', '7912.17', '3.27', '3.34', '32.10', '32.10', '0.00', '-23.40%', '-24.30%', '-', '-', '-', '-', '-', '23.31M', '19.92M', '5.00%', '8.66', '-', '-46.69%', '-32.63%', '-53.15%']
[['zntl'], '3.12B', '-151.60M', '-', '6.65', '-', '-', '124', '-', '-', '-', '10.33', '10.47', '9.30', '9.30', '0.00', '-35.10%', '-41.70%', '-', '-', '-', '-', '-', '40.36M', '26.60M', '8.74%', '8.26', '72.14', '60.20%', '154.20%', '32.29%']
[['wimi'], '400.59M', '-', '766.01M', '-', '-', '-', '202', '-', '-', '0.52', '-', '-', '-', '-', '-', '-', '-', '-', '-', '-', '-', '-', '86.71M', '49.08M', '3.45%', '1.49', '7.00', '-38.97%', '-23.89%', '-19.79%']
[['imra'], '112.25M', '-47.40M', '-', '3.67', '-', '-', '27', '-', '-', '-', '1.24', '1.68', '10.20', '10.20', '0.00', '-54.90%', '-59.30%', '-', '-', '-', '-', '-', '17.72M', '6.24M', '1.82%', '0.44', '-', '-53.62%', '-80.06%', '-79.37%']
[['gfl'], '14.30B', '-802.40M', '4.77B', '15.00', '0.04', '0.11%', '15000', '-', '108.68', '3.00', '2.36', '46.06', '1.10', '1.10', '1.25', '-5.20%', '-14.50%', '-1.20%', '4.70%', '-6.90%', '-16.80%', '-', '360.74M', '281.55M', '2.90%', '8.89', '-', '5.92%', '85.50%', '21.42%']
[['pasg'], '666.47M', '-154.80M', '-', '7.47', '-', '-', '74', '-', '-', '-', '1.56', '1.63', '13.40', '13.40', '0.00', '-38.90%', '-41.60%', '-', '-', '-', '-', '-', '53.89M', '47.39M', '7.70%', '10.77', '-', '-43.81%', '-21.78%', '-54.36%']
[['zcmd'], '39.87M', '4.50M', '18.00M', '1.28', '-', '-', '88', '9.28', '-', '2.21', '1.31', '2.33', '9.90', '9.90', '0.00', '18.10%', '20.30%', '12.60%', '66.00%', '25.00%', '24.80%', '0.00%', '24.94M', '9.49M', '1.35%', '0.33', '-', '-6.67%', '-2.33%', '-1.18%']
[['gril'], '21.12M', '-8.30M', '4.40M', '0.35', '-', '-', '380', '-', '-', '4.80', '3.34', '10.56', '0.60', '0.60', '0.34', '-', '-', '-136.60%', '-27.20%', '-', '-', '-', '11.82M', '10.08M', '2.72%', '0.65', '-', '-48.68%', '-53.39%', '-33.14%']
[['rvmd'], '2.32B', '-142.90M', '40.20M', '9.33', '-', '-', '150', '-', '-', '57.73', '3.30', '3.59', '14.40', '14.40', '0.00', '-20.80%', '-23.90%', '-23.20%', '-', '-', '-', '-', '73.40M', '72.66M', '13.35%', '15.82', '33.00', '-33.29%', '14.51%', '-22.25%']
[['meds'], '41.80M', '-5.40M', '13.30M', '0.71', '-', '-', '43', '-', '19.43', '3.14', '7.20', '9.29', '7.40', '7.60', '0.03', '-56.50%', '-64.50%', '-28.20%', '32.30%', '-40.30%', '-40.70%', '-', '8.12M', '3.31M', '0.12%', '0.00', '8.67', '-14.69%', '-9.80%', '-3.40%']
[['huiz'], '154.09M', '1.90M', '264.30M', '1.48', '-', '-', '1314', '78.11', '7.23', '0.58', '1.95', '2.00', '2.00', '2.00', '0.36', '1.10%', '2.50%', '-5.00%', '28.20%', '0.30%', '0.70%', '0.00%', '51.92M', '30.72M', '0.29%', '0.15', '-', '-62.02%', '-66.88%', '-58.71%']
[['ccac'], '343.62M', '-2.20M', '-', '7.03', '-', '-', '-', '-', '-', '-', '1.42', '3436.20', '0.10', '0.10', '0.00', '-0.80%', '-0.90%', '-', '-', '-', '-', '-', '34.50M', '20.70M', '3.00%', '2.42', '-', '-4.69%', '1.94%', '-4.96%']
[['gnrs'], '219.58M', '-', '-', '-', '-', '-', '-', '-', '-', '-', '-', '-', '-', '-', '-', '-', '-', '-', '-', '-', '-', '-', '21.89M', '21.89M', '1.33%', '4.22', '-', '-0.10%', '1.32%', '-0.99%']
[['onew'], '610.66M', '64.70M', '1.22B', '16.65', '-', '-', '1169', '6.65', '5.69', '0.50', '2.35', '5.39', '0.80', '1.30', '1.22', '11.40%', '43.10%', '19.50%', '27.30%', '10.60%', '5.30%', '0.00%', '10.98M', '9.09M', '4.36%', '4.45', '57.00', '1.56%', '50.84%', '40.21%']
[['pfhd'], '253.49M', '17.60M', '78.30M', '16.65', '-', '-', '135', '14.13', '14.09', '3.24', '1.12', '0.38', '-', '-', '0.05', '0.80%', '8.20%', '24.10%', '-', '88.20%', '22.50%', '0.00%', '13.40M', '12.40M', '0.99%', '1.80', '22.40', '-1.06%', '39.82%', '21.06%']
[['nref'], '159.55M', '26.10M', '114.70M', '28.95', '1.90', '8.91%', '1', '5.08', '8.86', '1.39', '0.74', '5.32', '-', '-', '52.23', '0.40%', '18.40%', '0.60%', '72.20%', '65.40%', '22.70%', '34.40%', '5.31M', '5.11M', '0.22%', '0.18', '22.83', '12.80%', '37.17%', '29.12%']
[['ppd'], '16.43B', '258.30M', '5.55B', '-1.55', '-', '-', '26000', '64.69', '26.70', '2.96', '-', '17.31', '1.20', '1.20', '-', '4.00%', '-35.90%', '11.30%', '37.10%', '10.80%', '4.70%', '0.00%', '351.13M', '216.43M', '7.10%', '11.30', '47.25', '34.44%', '44.93%', '36.67%']
[['sdgr'], '4.40B', '-42.00M', '120.70M', '8.58', '-', '-', '445', '-', '-', '36.49', '7.33', '7.18', '9.20', '9.20', '0.00', '-5.80%', '-6.70%', '-9.80%', '51.70%', '-71.50%', '-34.80%', '-', '70.58M', '40.37M', '11.62%', '7.78', '87.60', '-9.85%', '17.08%', '-20.60%']
[['beam'], '7.63B', '-407.70M', '0.02M', '8.82', '-', '-', '181', '-', '-', '317803.50', '12.86', '12.40', '5.30', '5.30', '0.01', '-70.40%', '-115.10%', '-', '-', '-', '-', '-', '62.21M', '44.03M', '11.72%', '6.54', '119.17', '34.97%', '419.47%', '38.90%']
[['cspr'], '209.24M', '-85.80M', '553.20M', '-0.53', '-', '-', '442', '-', '-', '0.38', '-', '4.21', '0.60', '1.00', '-', '-38.50%', '-720.60%', '-91.00%', '51.20%', '-14.40%', '-15.50%', '-', '41.44M', '34.23M', '8.48%', '4.17', '8.55', '-37.50%', '-45.54%', '-19.51%']
[['onem'], '3.42B', '-105.20M', '463.30M', '3.45', '-', '-', '1957', '-', '-', '7.38', '7.12', '5.23', '4.90', '4.90', '0.00', '-9.70%', '-20.60%', '-9.00%', '42.20%', '-19.10%', '-22.70%', '-', '136.79M', '116.69M', '10.22%', '9.16', '-', '-40.35%', '-13.28%', '-43.76%']
[['arqt'], '1.06B', '-150.30M', '-', '8.29', '-', '-', '54', '-', '-', '-', '2.48', '2.59', '32.00', '32.00', '0.00', '-42.90%', '-45.90%', '-', '-', '-', '-', '-', '50.00M', '47.74M', '4.77%', '13.42', '-', '-37.61%', '-15.57%', '-26.77%']
[['reyn'], '5.89B', '406.00M', '3.34B', '7.84', '0.92', '3.26%', '5450', '14.57', '14.96', '1.76', '3.60', '40.93', '1.10', '2.30', '1.29', '7.70%', '23.10%', '12.00%', '27.90%', '17.50%', '10.90%', '47.00%', '209.70M', '54.20M', '5.89%', '7.77', '33.40', '-1.78%', '-10.90%', '-6.16%']
[['bdtx'], '371.38M', '-105.20M', '-', '6.94', '-', '-', '73', '-', '-', '-', '1.44', '1.41', '11.50', '11.50', '0.00', '-32.90%', '-36.10%', '-', '-', '-', '-', '-', '36.18M', '34.99M', '11.78%', '8.82', '-', '-63.40%', '-64.80%', '-68.89%']
[['anpc'], '52.66M', '-', '21.77M', '0.11', '-', '-', '101', '-', '-', '2.42', '33.36', '37.62', '0.70', '0.70', '2.50', '-', '-', '-812.90%', '-', '-', '-', '-', '11.96M', '4.26M', '1.46%', '0.08', '-', '-57.38%', '-28.74%', '-30.75%']
[['anvs'], '294.65M', '-8.40M', '-', '6.60', '-', '-', '2', '-', '-', '-', '5.35', '5.99', '56.00', '56.00', '0.00', '-46.20%', '-48.40%', '-', '-', '-', '-', '-', '7.37M', '5.64M', '12.61%', '0.83', '-', '31.19%', '620.24%', '368.57%']
[['scvx'], '285.35M', '-3.10M', '-', '7.00', '-', '-', '-', '-', '-', '-', '1.42', '570.71', '0.30', '0.30', '0.00', '-1.30%', '-1.50%', '-', '-', '-', '-', '-', '28.75M', '17.25M', '0.18%', '0.68', '-', '-1.05%', '0.35%', '-3.74%']
[['imab'], '5.32B', '72.90M', '239.00M', '13.68', '-', '-', '228', '305.45', '-', '22.25', '5.45', '7.17', '9.30', '9.30', '0.00', '-', '-', '9.80%', '-', '-', '-', '-', '63.70M', '30.44M', '6.32%', '3.28', '91.21', '45.37%', '101.05%', '58.07%']
[['vel'], '284.83M', '21.10M', '178.60M', '11.62', '-', '-', '175', '13.64', '12.26', '1.59', '1.13', '10.28', '-', '-', '8.03', '1.00%', '9.50%', '6.20%', '95.60%', '77.00%', '11.80%', '0.00%', '20.09M', '12.88M', '1.26%', '3.81', '15.25', '69.79%', '167.82%', '111.08%']
[['lizi'], '217.16M', '-17.20M', '284.40M', '0.83', '-', '-', '658', '-', '-', '0.76', '5.08', '2.85', '1.70', '1.70', '0.13', '-23.40%', '-62.10%', '-43.00%', '26.90%', '-6.50%', '-6.00%', '-', '49.88M', '22.63M', '8.62%', '1.27', '-', '-38.30%', '13.44%', '8.76%']
